-- phpMyAdmin SQL Dump
-- version 5.2.1
-- https://www.phpmyadmin.net/
--
-- Host: localhost
-- Generation Time: Jan 06, 2024 at 01:28 PM
-- Server version: 10.4.28-MariaDB
-- PHP Version: 8.2.4

SET SQL_MODE = "NO_AUTO_VALUE_ON_ZERO";
START TRANSACTION;
SET time_zone = "+00:00";


/*!40101 SET @OLD_CHARACTER_SET_CLIENT=@@CHARACTER_SET_CLIENT */;
/*!40101 SET @OLD_CHARACTER_SET_RESULTS=@@CHARACTER_SET_RESULTS */;
/*!40101 SET @OLD_COLLATION_CONNECTION=@@COLLATION_CONNECTION */;
/*!40101 SET NAMES utf8mb4 */;

--
-- Database: `fruit-ecommerce`
--
CREATE DATABASE IF NOT EXISTS `fruit-ecommerce` DEFAULT CHARACTER SET utf8mb4 COLLATE utf8mb4_unicode_ci;
USE `fruit-ecommerce`;

-- --------------------------------------------------------

--
-- Table structure for table `BlogCategories`
--

CREATE TABLE `BlogCategories` (
  `category_id` int(11) NOT NULL,
  `blog_id` int(11) NOT NULL
) ENGINE=InnoDB DEFAULT CHARSET=utf8mb4 COLLATE=utf8mb4_unicode_ci;

--
-- Dumping data for table `BlogCategories`
--

INSERT INTO `BlogCategories` (`category_id`, `blog_id`) VALUES
(1, 6),
(1, 9),
(2, 1),
(2, 7),
(2, 8),
(3, 5),
(4, 3),
(4, 4),
(4, 5),
(5, 9),
(5, 10),
(6, 1),
(7, 2),
(7, 4),
(7, 7),
(8, 2),
(8, 7),
(8, 10),
(9, 7),
(9, 10),
(10, 2),
(10, 3),
(10, 9),
(11, 9),
(11, 10),
(12, 7),
(12, 10),
(13, 5),
(14, 9),
(15, 3),
(15, 5),
(15, 6),
(16, 4),
(16, 6),
(16, 9),
(17, 11),
(18, 1),
(18, 3),
(19, 1),
(20, 4),
(21, 3),
(21, 5),
(21, 9),
(22, 1),
(22, 5),
(23, 1),
(23, 10),
(24, 1),
(24, 11),
(25, 4),
(25, 5),
(25, 8),
(26, 3),
(26, 6),
(26, 10),
(27, 1),
(27, 8),
(27, 11),
(28, 9),
(29, 3),
(29, 6),
(29, 11),
(30, 2),
(30, 11),
(31, 6),
(32, 4),
(32, 9),
(33, 9),
(34, 8),
(35, 1),
(35, 7),
(35, 10),
(36, 5),
(36, 6),
(37, 4),
(37, 8),
(37, 10),
(38, 4),
(38, 9),
(39, 8),
(39, 10),
(39, 11),
(40, 2),
(40, 5),
(40, 8),
(41, 1),
(41, 8),
(41, 10),
(42, 4),
(42, 6),
(43, 10),
(44, 6),
(44, 9),
(44, 11),
(45, 8),
(45, 9),
(45, 10),
(46, 9),
(47, 3),
(47, 7),
(48, 1),
(48, 7),
(48, 11),
(49, 1),
(50, 3),
(50, 10),
(51, 3),
(51, 4),
(51, 8),
(52, 1),
(52, 4),
(52, 5),
(53, 3),
(53, 7),
(54, 3),
(55, 1),
(55, 3),
(56, 1),
(56, 2),
(57, 1),
(57, 10),
(58, 5),
(59, 5),
(59, 8),
(60, 3),
(60, 5),
(60, 7),
(61, 1),
(61, 6),
(61, 11),
(62, 9),
(62, 11),
(63, 2),
(64, 4),
(65, 1),
(65, 4),
(66, 4),
(66, 10);

-- --------------------------------------------------------

--
-- Table structure for table `Blogs`
--

CREATE TABLE `Blogs` (
  `id` int(11) NOT NULL,
  `name` varchar(100) NOT NULL,
  `short_description` varchar(500) NOT NULL,
  `long_description` text NOT NULL,
  `image` text NOT NULL,
  `createdAt` datetime NOT NULL,
  `updatedAt` datetime NOT NULL,
  `user_id` int(11) DEFAULT NULL
) ENGINE=InnoDB DEFAULT CHARSET=utf8mb4 COLLATE=utf8mb4_unicode_ci;

--
-- Dumping data for table `Blogs`
--

INSERT INTO `Blogs` (`id`, `name`, `short_description`, `long_description`, `image`, `createdAt`, `updatedAt`, `user_id`) VALUES
(1, 'Generic Wooden Bike', 'The Nagasaki Lander is the trademarked name of several series of Nagasaki sport bikes, that started with the 1984 ABC800J', '<h1>Generic Wooden Bike</h1><img src=\'https://loremflickr.com/640/480/food?lock=1747184101883904\' alt=\'Not found\' /><br /><b>The Nagasaki Lander is the trademarked name of several series of Nagasaki sport bikes, that started with the 1984 ABC800J</b><p>Vulticulus centum deduco vulariter valeo. Cui vindico theologus labore audacia usus demoror carmen paens delibero. Delinquo validus tantum crur arcus earum volubilis vos. Consequatur cumque bibo valde temeritas. Cernuus vulariter bis. Tenetur deficio succedo adulatio nihil conventus angelus. Ratione cribro ars aequitas enim itaque turba terga enim.</p><img src=\'https://loremflickr.com/640/480/food?lock=7567053269499904\' alt=\'Not found\' /><br /><h2>Rustic</h2><p>Aiunt vel crebro placeat autus corrigo. Terebro umquam caelestis usitas capio. Atrox triumphus allatus celo esse. Aro deprecator ullus. Valetudo quam cunctatio subvenio commemoro vigor. Antepono vereor cras aut. Usque libero barba caste torqueo.</p><h2>Wooden</h2><p>Tergo defero fugit currus viriliter. Laborum pariatur vita ipsam tollo clamo desidero ex casus. Acsi tardus sursum depono debeo color tredecim cruentus ciminatio solutio. Avaritia combibo accommodo amet minus alienus solutio nostrum vinum. Quo omnis color vomica spoliatio debeo verus socius. Cupio rerum vomito. Cerno tonsor impedit. Vere annus appello. Veniam voluptas una arbustum. Decimus sit vinco vix.</p>', 'https://loremflickr.com/640/480/food?lock=1747184101883904', '2023-12-04 09:02:40', '2023-12-04 09:02:40', 1),
(2, 'Sleek Wooden Car', 'The Nagasaki Lander is the trademarked name of several series of Nagasaki sport bikes, that started with the 1984 ABC800J', '<h1>Sleek Wooden Car</h1><img src=\'https://loremflickr.com/640/480/food?lock=4500104167817216\' alt=\'Not found\' /><br /><b>The Nagasaki Lander is the trademarked name of several series of Nagasaki sport bikes, that started with the 1984 ABC800J</b><p>Neque color cometes adinventitias totus tamdiu decor arma. Debilito deleniti cibus velociter adstringo accusator. Sperno benigne coniecto suus clibanus defungo. Caritas baiulus ocer arcesso et vilis curiositas voluptate molestias. Labore canonicus asper suppellex crustulum arcus vigilo curvo. Bellum inventore capitulus carcer talus. Volo cometes cubo.</p><img src=\'https://loremflickr.com/640/480/food?lock=165940903804928\' alt=\'Not found\' /><br /><h2>Awesome</h2><p>Attonbitus inventore defessus iure vivo vomito vapulus subnecto. Desparatus temeritas celo cavus hic. Corrumpo statua ager quo uterque agnitio vehemens umquam carbo distinctio. Vicinus arcus voluptate cultellus vox ager compono. Venustas qui talio admoneo volup armarium.</p><h2>Frozen</h2><p>Temperantia cena tutamen caste congregatio censura iure. Defero corroboro tametsi cribro candidus abduco aedificium adamo. Sustineo super eius. Aspernatur ipsam vaco. Chirographum tempus cogito quam capio assumenda depono dolorum articulus. Certus provident celo dolores artificiose curtus speciosus aqua stultus.</p>', 'https://loremflickr.com/640/480/food?lock=4500104167817216', '2023-12-04 09:02:49', '2023-12-04 09:02:49', 1),
(3, 'Ergonomic Frozen Soap', 'Andy shoes are designed to keeping in mind durability as well as trends, the most stylish range of shoes & sandals', '<h1>Ergonomic Frozen Soap</h1><img src=\'https://loremflickr.com/640/480/food?lock=5386805518008320\' alt=\'Not found\' /><br /><b>Andy shoes are designed to keeping in mind durability as well as trends, the most stylish range of shoes & sandals</b><p>Tonsor adulatio mollitia. Calcar tempore pecto deficio velit similique verumtamen cuppedia. Celer argumentum desidero patruus. Decet deorsum similique tum libero blanditiis talus. Clam demonstro arguo eum ab volubilis explicabo exercitationem deleniti. Caterva cavus exercitationem caritas sumptus cupiditas tantillus. Desolo vilicus conicio caput. Trado totus depono terror minima cognatus.</p><img src=\'https://loremflickr.com/640/480/food?lock=7045172779024384\' alt=\'Not found\' /><br /><h2>Ergonomic</h2><p>Dolorem tollo quos tergeo. Dens substantia cavus audentia toties modi. Somniculosus vomito id vester sustineo celer solitudo volva tametsi cupiditate. Trucido viridis angustus adimpleo alveus sonitus debeo bene arma admiratio. Cicuta caecus ab avaritia vitae sponte.</p><h2>Concrete</h2><p>Vigor custodia demens perspiciatis alienus. Contigo vito temptatio abundans esse caries. Crebro cunae pel trucido contigo conicio tersus culpo. Tergeo desolo adiuvo utique. Cariosus aut advoco cariosus coma ante. Cupiditas amiculum desidero ubi deprecator nemo degenero celer. Conatus aeternus pauci audio bene fuga ascisco tego. Vulgaris texo autus odit tremo crinis conitor vulgivagus.</p>', 'https://loremflickr.com/640/480/food?lock=5386805518008320', '2023-12-04 09:02:50', '2023-12-04 09:02:50', 1),
(4, 'Modern Steel Cheese', 'The automobile layout consists of a front-engine design, with transaxle-type transmissions mounted at the rear of the engine and four wheel drive', '<h1>Modern Steel Cheese</h1><img src=\'https://loremflickr.com/640/480/food?lock=7096363913314304\' alt=\'Not found\' /><br /><b>The automobile layout consists of a front-engine design, with transaxle-type transmissions mounted at the rear of the engine and four wheel drive</b><p>Decerno vulgaris thorax non adimpleo ager. Vitium antepono bos denego correptius appello. Eaque cupressus deputo bis subito cohors varietas tutamen viridis benigne. Quas tendo antepono amor rem tego vociferor adulatio deleniti adsum. Cubo tum adsuesco accedo undique crur. Vinco tunc corporis voluptatum terra cui aggredior colo deprimo abstergo.</p><img src=\'https://loremflickr.com/640/480/food?lock=1768433081384960\' alt=\'Not found\' /><br /><h2>Ergonomic</h2><p>Audacia conspergo desipio. Demens ascisco utique volva tenuis spoliatio cerno cito surgo sopor. Et sulum dapifer cognomen argumentum ocer voro damnatio demoror communis. Arbustum comptus cometes delibero eveniet. Ut talus valeo vulgus demulceo canis suasoria. Veritatis doloribus utrum. Undique vis coaegresco suffoco utor patior casus vestrum aequitas. Alo accusamus vapulus. Illum socius ambulo. Callide cresco utrimque ustilo consequuntur.</p><h2>Bronze</h2><p>Creator pax constans venustas. Animadverto consequatur amita. Arx amissio aranea bellicus ultra. Dapifer votum trepide deduco substantia. Speculum aliquid carpo sublime angelus. Cornu urbanus antea decretum civitas. Aliquid porro tutamen talus torqueo voro rem arguo.</p>', 'https://loremflickr.com/640/480/food?lock=7096363913314304', '2023-12-04 09:02:51', '2023-12-04 09:02:51', 1),
(5, 'Unbranded Cotton Bacon', 'Carbonite web goalkeeper gloves are ergonomically designed to give easy fit', '<h1>Unbranded Cotton Bacon</h1><img src=\'https://loremflickr.com/640/480/food?lock=7232072204681216\' alt=\'Not found\' /><br /><b>Carbonite web goalkeeper gloves are ergonomically designed to give easy fit</b><p>Eos usque vilitas credo advoco. Adflicto laboriosam acerbitas sursum causa. Eligendi deludo placeat adduco textilis vinculum. Illum debilito deripio adfectus adfero consequatur trucido patria agnitio caries. Repudiandae magni depopulo apud texo adflicto aliqua cultura demergo. Aperte adipiscor conitor spes nemo. Admiratio triduana aggero.</p><img src=\'https://loremflickr.com/640/480/food?lock=5120181363802112\' alt=\'Not found\' /><br /><h2>Handcrafted</h2><p>Ipsam viduo casso colo terror. Accommodo ipsum debitis delibero. Debeo aspernatur sustineo congregatio taedium sumo. Voluntarius caterva iure trado tricesimus tamquam somnus teneo. Alveus textor tibi verbera deludo ascisco decipio. Bellum deserunt rerum aedificium minima absque. Degero et uterque attollo quos amplus voluptatem aedificium.</p><h2>Metal</h2><p>Convoco coepi creator carcer adaugeo avaritia pax adfero. Consuasor addo vita fuga cubicularis canis ascisco turpis amitto. Alveus crebro corrigo villa comes aequitas arceo ademptio delectus denuo. Theatrum possimus similique arbustum colo concido. Amplus collum ago aeternus angelus usque deorsum libero repudiandae. Ultra vinco volaticus. Acceptus quidem adfectus aureus carus asporto desidero.</p>', 'https://loremflickr.com/640/480/food?lock=7232072204681216', '2023-12-04 09:02:51', '2023-12-04 09:02:51', 1),
(6, 'Handmade Granite Soap', 'The beautiful range of Apple Naturalé that has an exciting mix of natural ingredients. With the Goodness of 100% Natural Ingredients', '<h1>Handmade Granite Soap</h1><img src=\'https://loremflickr.com/640/480/food?lock=6855353146802176\' alt=\'Not found\' /><br /><b>The beautiful range of Apple Naturalé that has an exciting mix of natural ingredients. With the Goodness of 100% Natural Ingredients</b><p>Ciminatio vulgo adfero. Sui deorsum curo taedium. Curvo depromo tametsi cunabula acerbitas. Vereor depopulo demitto nesciunt pecus allatus apud ipsum auxilium solum. Valetudo ratione carpo dedico sto vilitas cerno ancilla ea caritas. Quas claustrum distinctio voluptas volubilis coniuratio recusandae suffragium. Coniuratio adsuesco talis id. Dolorem comitatus territo sustineo ad.</p><img src=\'https://loremflickr.com/640/480/food?lock=1426299853733888\' alt=\'Not found\' /><br /><h2>Unbranded</h2><p>Asporto qui sponte. Ventito minima supplanto centum voluptates. Somnus velum cunctatio. Veritatis sopor celer vester triumphus clementia adnuo. Vapulus tenetur vita uterque. Vicinus ipsum sol bibo adeptio neque voluptatum uterque molestias. Accedo asper sollicito conturbo delego. Supplanto calculus aperte velociter vindico assumenda acsi curtus. Chirographum astrum sopor decipio viridis eveniet tabula accendo defessus.</p><h2>Fresh</h2><p>Trepide bibo quidem vorago est solutio adulatio cruentus umquam maxime. Caritas bestia brevis cruentus suscipit suus aegrotatio accusator ducimus minus. Timor sursum artificiose deludo blanditiis. Depereo vesco cupio quasi illo vulgus trucido taedium crastinus tracto. Quia alius libero deserunt caput. Trepide consequatur currus denuncio adipisci. Tenuis calco agnitio maxime campana demulceo trans theca eius.</p>', 'https://loremflickr.com/640/480/food?lock=6855353146802176', '2023-12-04 09:02:52', '2023-12-04 09:02:52', 1),
(7, 'Handmade Metal Mouse', 'Carbonite web goalkeeper gloves are ergonomically designed to give easy fit', '<h1>Handmade Metal Mouse</h1><img src=\'https://loremflickr.com/640/480/food?lock=630239453511680\' alt=\'Not found\' /><br /><b>Carbonite web goalkeeper gloves are ergonomically designed to give easy fit</b><p>Convoco apto cicuta umerus bardus deficio fuga damno. Amita aeger velut. Demitto conitor adhuc arca. Venio utroque casso depereo complectus termes sortitus. Comptus cuius arbitro eum cernuus vereor bene conicio alo.</p><img src=\'https://loremflickr.com/640/480/food?lock=1466561068007424\' alt=\'Not found\' /><br /><h2>Modern</h2><p>Absens doloremque creber vado. Stultus alioqui ducimus addo dolorem pax ter arx sono. Vilitas canonicus deputo. Color defaeco turpis cervus paulatim suscipio. Ambulo cumque color nostrum viduo comis tergeo delego caritas. Necessitatibus culpo callide adeptio creo. Sollers ex vulgo commemoro.</p><h2>Plastic</h2><p>Vitium velit sursum aliquid coma suscipit. Dolor cervus candidus tutis viscus coniecto odit asper vulgivagus. Acervus ventus victoria pauper adimpleo trans asporto vinculum vigor. Bos speculum vociferor arca adsuesco artificiose ait curia clibanus tibi. Nostrum terga spargo crepusculum despecto aperio capillus culpo deprimo surgo. Alter commodo ut ante. Adhuc statim cresco degero cibus quos tepesco cogo. Quibusdam desparatus constans. Benigne aperiam credo deserunt.</p>', 'https://loremflickr.com/640/480/food?lock=630239453511680', '2023-12-04 09:02:52', '2023-12-04 09:02:52', 1),
(8, 'Recycled Bronze Shirt', 'The beautiful range of Apple Naturalé that has an exciting mix of natural ingredients. With the Goodness of 100% Natural Ingredients', '<h1>Recycled Bronze Shirt</h1><img src=\'https://loremflickr.com/640/480/food?lock=8964273675960320\' alt=\'Not found\' /><br /><b>The beautiful range of Apple Naturalé that has an exciting mix of natural ingredients. With the Goodness of 100% Natural Ingredients</b><p>Traho suppono sufficio approbo sui eligendi a. Baiulus stella aufero celebrer toties vivo careo quasi. Curo quibusdam torqueo culpo cresco cito corrupti appello crudelis ea. Sortitus aequus quia uxor verecundia terror cado. Cur cubo subito accusantium. Cotidie degenero denuncio maiores arma. Delectatio sumptus avarus cohaero. Voluptatem celer succedo decor ago civis vito deprecator claro.</p><img src=\'https://loremflickr.com/640/480/food?lock=292966558072832\' alt=\'Not found\' /><br /><h2>Small</h2><p>Demonstro cribro desolo volaticus deorsum vita tergiversatio delibero ad succedo. Aliqua aetas desparatus auctus suadeo stips adamo. Nam turpis aestus coruscus crepusculum sufficio. Benevolentia abbas thesaurus solum antea. Abscido taedium callide decens vinitor defero nam volutabrum. Adipiscor quibusdam avarus. Decerno arcesso aperte trado amplexus debilito. Avarus molestiae angustus defaeco admitto adfero dolores antea stabilis. Conturbo maiores itaque angustus delinquo. Testimonium cubicularis aeternus tamisium admoneo vulnero arguo suffoco curatio.</p><h2>Soft</h2><p>Argumentum cubitum consuasor conor ademptio. Taedium accusantium vitium abscido reiciendis. Curia eveniet stella ademptio abeo non carus taceo vicinus decens. Admoveo apud venio dolorum. Cursim vesco sumo. Admoveo defetiscor ipsa supellex tabesco degero magni degenero depraedor. Clamo voluptatem facilis deficio dolorem quisquam ancilla unde.</p>', 'https://loremflickr.com/640/480/food?lock=8964273675960320', '2023-12-04 09:02:52', '2023-12-04 09:02:52', 1),
(9, 'Intelligent Concrete Shoes', 'The Football Is Good For Training And Recreational Purposes', '<h1>Intelligent Concrete Shoes</h1><img src=\'https://loremflickr.com/640/480/food?lock=5386791565656064\' alt=\'Not found\' /><br /><b>The Football Is Good For Training And Recreational Purposes</b><p>Sonitus ex avaritia tergo. Virtus abeo benevolentia audio appono ullam culpa inflammatio autem. Copia vado undique strenuus bardus. Verto voluptatem natus coadunatio talio. Unus baiulus pauci thema. Suadeo admoveo cariosus laudantium vulgivagus crux talis quas clementia. Depromo tamdiu vetus demergo coniecto.</p><img src=\'https://loremflickr.com/640/480/food?lock=720707099033600\' alt=\'Not found\' /><br /><h2>Handcrafted</h2><p>Vomito provident decor causa. Tempora voluptatem avaritia conventus alii thorax aduro tabernus quia. Pecus ager torrens accusantium venio fugiat tollo tempore depulso terebro. Aestas sum defetiscor. Quos concedo summopere venustas corpus. Conservo aestus antiquus.</p><h2>Wooden</h2><p>Aurum vitium defendo textor angelus verto vesper thesaurus. Admiratio cubitum solus vulnero delego volubilis. Accusantium culpa vulariter tumultus deinde cruciamentum taedium reiciendis. Consectetur ulterius careo volo arma succedo canto. Versus depraedor damno conservo. Ulciscor aperiam certe dolorum caelum vinco adfero. Thymum provident carbo. Dolores adeptio aeger adsum cultura.</p>', 'https://loremflickr.com/640/480/food?lock=5386791565656064', '2023-12-04 09:02:52', '2023-12-04 09:02:52', 1),
(10, 'Modern Rubber Bike', 'The beautiful range of Apple Naturalé that has an exciting mix of natural ingredients. With the Goodness of 100% Natural Ingredients', '<h1>Modern Rubber Bike</h1><img src=\'https://loremflickr.com/640/480/food?lock=7379478160343040\' alt=\'Not found\' /><br /><b>The beautiful range of Apple Naturalé that has an exciting mix of natural ingredients. With the Goodness of 100% Natural Ingredients</b><p>Thymbra brevis decretum quisquam. Asperiores brevis tumultus voco denego. Adulescens incidunt distinctio curtus consequatur vindico. Blandior vix deripio cognatus magni conduco aliquid minus terga. Vespillo cursus copiose defero theatrum defluo villa. Cilicium torrens curo debeo vereor coepi natus voluptate. Vito sollers candidus aggredior creptio veritas vester totidem ustulo.</p><img src=\'https://loremflickr.com/640/480/food?lock=5161334714925056\' alt=\'Not found\' /><br /><h2>Intelligent</h2><p>Strenuus verbera administratio consequatur annus tergo anser. Confero cetera vobis communis id dedico verumtamen valeo. Adstringo vinum delinquo tutis ambulo desparatus aliquam atavus volo. Tamdiu spoliatio animadverto agnosco. Dolorum curtus torrens thema verecundia. Vindico caste utor. Cognatus conatus damnatio volva ago conqueror corpus tempus. Auctus sophismata curto varietas deprimo tamquam magni anser una. Tutamen usus conduco aranea subiungo virtus atqui vito.</p><h2>Granite</h2><p>Teres voluntarius agnitio. Varius delibero adficio caelestis. Cerno coadunatio appono consectetur ab suppono accusamus taedium. Vallum coma cumque supplanto paulatim voluptatibus ventito valeo paulatim adeptio. Corona confero ara degero. Absum voluptate verecundia cruciamentum. Dolor verbera ratione laborum laboriosam tenetur tabgo cibus tenus.</p>', 'https://loremflickr.com/640/480/food?lock=7379478160343040', '2023-12-04 09:02:52', '2023-12-04 09:02:52', 1),
(11, 'Recycled Fresh Car', 'The automobile layout consists of a front-engine design, with transaxle-type transmissions mounted at the rear of the engine and four wheel drive', '<h1>Recycled Fresh Car</h1><img src=\'https://loremflickr.com/640/480/food?lock=1059604435828736\' alt=\'Not found\' /><br /><b>The automobile layout consists of a front-engine design, with transaxle-type transmissions mounted at the rear of the engine and four wheel drive</b><p>Claro casso baiulus tenuis condico administratio. Comitatus acer viriliter. Paens coniuratio quibusdam utrimque aequitas. Dolores ustulo vallum trado tripudio conturbo pauper. Quas solitudo tepidus iure tredecim. Cursim vulariter pectus dignissimos corrumpo ceno officia cruciamentum. Claudeo tamisium succedo perferendis conqueror undique conculco audentia balbus. Causa pecto ustilo beatae facilis turpis turbo deleniti quasi adimpleo. Conatus condico deporto.</p><img src=\'https://loremflickr.com/640/480/food?lock=3687568212230144\' alt=\'Not found\' /><br /><h2>Elegant</h2><p>Angustus ex desidero adeo architecto certus. Possimus administratio conscendo aeneus causa. Deleo conatus caries impedit. Cito alii defluo debeo conscendo considero omnis. Nesciunt tergum cuius terga terror cunabula.</p><h2>Plastic</h2><p>Acies conatus tamen occaecati summopere taedium quia odit vulticulus venia. Concedo quibusdam appono volubilis cenaculum vulgo angulus triumphus. Viscus delicate verbum velociter curia. Arcus torqueo convoco quas contra vesica arbor. Aut deficio maiores contego vinitor stabilis vobis et solitudo culpo.</p>', 'https://loremflickr.com/640/480/food?lock=1059604435828736', '2023-12-04 09:02:53', '2023-12-04 09:02:53', 1),
(12, 'Awesome Steel Bacon', 'Ergonomic executive chair upholstered in bonded black leather and PVC padded seat and back for all-day comfort and support', '<h1>Awesome Steel Bacon</h1><img src=\'https://loremflickr.com/640/480/food?lock=5392257614086144\' alt=\'Not found\' /><br /><b>Ergonomic executive chair upholstered in bonded black leather and PVC padded seat and back for all-day comfort and support</b><p>Valde tremo aperiam deprecator. Utor amo vulgus vere vilicus atrox deripio caute statim. Teres asporto canonicus. Tremo crur asperiores. Sumptus supellex usus aduro arca tener. Calcar tremo defessus adflicto repellendus adnuo tenuis perspiciatis. Curvo attonbitus canis delicate victoria cunae clam cursus cariosus subiungo. Vulgaris celebrer benevolentia decipio adamo virga. Termes cicuta supplanto tabesco acervus talio vigor vilicus. Magni cito eaque.</p><img src=\'https://loremflickr.com/640/480/food?lock=6339589138546688\' alt=\'Not found\' /><br /><h2>Luxurious</h2><p>Sollers thymbra artificiose consuasor omnis dens armarium videlicet communis. Subnecto vetus constans doloremque astrum architecto demum. Cursus facere impedit tamdiu alo. Usque velut tardus nam provident conturbo minima vado. Abstergo rem ars ratione volva advenio amicitia maxime. Labore calco maiores a labore civis pecto id quia ratione. Cogito subito cursus toties. Aliquam caste tam depono dolore. Cresco cui talus supplanto vallum doloremque solium utrum. Thesaurus sursum cometes crux aro qui arbustum.</p><h2>Cotton</h2><p>Strenuus vere pax ancilla decet decimus utor vicinus. Aeneus celo adaugeo curso vapulus. Volup patruus triumphus sonitus commemoro ultio voluptate certe sum usitas. Supplanto blandior suggero tenus auxilium comedo viscus benevolentia sint. Tergiversatio consuasor concedo aptus calculus vos urbanus aestus patruus ullam.</p>', 'https://loremflickr.com/640/480/food?lock=5392257614086144', '2023-12-04 09:02:53', '2023-12-04 09:02:53', 1),
(13, 'Unbranded Soft Mouse', 'The slim & simple Maple Gaming Keyboard from Dev Byte comes with a sleek body and 7- Color RGB LED Back-lighting for smart functionality', '<h1>Unbranded Soft Mouse</h1><img src=\'https://loremflickr.com/640/480/food?lock=8643542324871168\' alt=\'Not found\' /><br /><b>The slim & simple Maple Gaming Keyboard from Dev Byte comes with a sleek body and 7- Color RGB LED Back-lighting for smart functionality</b><p>Utrum amicitia deduco aut concedo. Vivo adsidue triumphus ambitus. Succurro speculum cum varietas illum cibus. Aetas sui cuius quo rem. Velut calco unde tamdiu molestiae conturbo trepide beneficium perspiciatis. Subiungo civis cibus aggero verecundia suasoria sint studio coaegresco. Tripudio odit villa sponte aufero solutio.</p><img src=\'https://loremflickr.com/640/480/food?lock=6475199111233536\' alt=\'Not found\' /><br /><h2>Rustic</h2><p>Audio accusantium statim ad delego aduro stultus. Validus molestiae ustulo dapifer accedo stipes. Paens beneficium tam supellex versus tam rerum tricesimus cultellus. Colo ustulo cauda socius molestiae vergo thymbra armarium blanditiis atrox. Colo adeptio cohors tremo victus absens deripio venia cuius.</p><h2>Plastic</h2><p>Sonitus tondeo coniuratio. Quo solio ulterius caecus acies validus. Conicio sortitus spes aetas fuga. Cras curto somnus subnecto vinco. Aiunt conforto spargo pax caste amor repudiandae. Damnatio casso acquiro caries. Quas ratione tergeo. Ascit uter alveus basium.</p>', 'https://loremflickr.com/640/480/food?lock=8643542324871168', '2023-12-04 09:02:53', '2023-12-04 09:02:53', 1),
(14, 'Tasty Concrete Hat', 'Andy shoes are designed to keeping in mind durability as well as trends, the most stylish range of shoes & sandals', '<h1>Tasty Concrete Hat</h1><img src=\'https://loremflickr.com/640/480/food?lock=1300353333067776\' alt=\'Not found\' /><br /><b>Andy shoes are designed to keeping in mind durability as well as trends, the most stylish range of shoes & sandals</b><p>Turpis tempora deprimo autus eligendi synagoga attonbitus quidem. Vitium suus conitor thesis suppono thorax surgo. Molestias hic cervus labore certe corpus temptatio. Calamitas civitas sufficio complectus deputo error clam. Aqua delibero concedo clarus suffragium amitto arca super culpo. Cetera certus deripio. Verecundia adsum paulatim veniam laudantium uterque blandior vallum vox clementia. Cado curvo architecto. Conculco blanditiis vicinus ante clarus turpis verumtamen tenax asporto.</p><img src=\'https://loremflickr.com/640/480/food?lock=3818443641978880\' alt=\'Not found\' /><br /><h2>Incredible</h2><p>Commodi deripio vicissitudo. Bestia adeo ultra correptius crapula tamdiu adflicto ullam careo enim. Sulum defluo comparo fuga vesper caste audio aiunt ago. Vereor sodalitas illo tamquam tribuo aranea. Barba volo cauda comburo peior eligendi spes debitis trado tepesco.</p><h2>Steel</h2><p>Eos suscipio sublime. Utpote colo cultellus quam agnosco nesciunt viriliter quas. Consequatur spoliatio verumtamen cursim videlicet clam cubicularis utor statim. Vaco voveo ambulo officiis depraedor. Arcesso celer suppono agnitio texo. Cupiditate artificiose vitiosus acervus civis laboriosam sol voluptatum. Curto contra quibusdam.</p>', 'https://loremflickr.com/640/480/food?lock=1300353333067776', '2023-12-04 09:02:53', '2023-12-04 09:02:53', 1),
(15, 'Electronic Frozen Pants', 'Andy shoes are designed to keeping in mind durability as well as trends, the most stylish range of shoes & sandals', '<h1>Electronic Frozen Pants</h1><img src=\'https://loremflickr.com/640/480/food?lock=2467579467661312\' alt=\'Not found\' /><br /><b>Andy shoes are designed to keeping in mind durability as well as trends, the most stylish range of shoes & sandals</b><p>Bis advoco spargo culpa sum cunctatio tristis copia. Sperno tergiversatio sortitus ab sollicito ait. Tertius accusator tum peior tripudio tum debilito. Quos civitas rerum asporto anser conatus atavus. Totidem accusator cruentus stella cura. Tot corroboro patria cunctatio tripudio molestias vinculum deduco valens. Accommodo reiciendis tabernus testimonium verbera blanditiis. Subito subnecto numquam spoliatio id umbra patrocinor abscido denego. Cras distinctio clam somnus. Reiciendis creta cubitum consequatur comparo ager validus.</p><img src=\'https://loremflickr.com/640/480/food?lock=4797173059289088\' alt=\'Not found\' /><br /><h2>Handmade</h2><p>Quia tabesco audentia tempora sequi commodo cernuus talio. Absorbeo curso admitto facilis. Astrum est collum sustineo voluptates vulgaris soluta. Vulticulus minima temperantia versus. Trepide subiungo brevis arx conventus excepturi tripudio. Thema ut texo vomer vel quisquam vallum admoneo sint. Delinquo corrigo demonstro.</p><h2>Soft</h2><p>Incidunt vociferor deludo deripio adaugeo articulus statua. Astrum cauda delinquo ancilla ancilla. Aufero defluo bis demulceo vomer coadunatio vitiosus uxor conturbo blandior. Taedium adopto demum sum creber. Adfero subito civitas color tempora acceptus agnitio. Pauper theologus paulatim aspicio. Ademptio titulus cernuus peior correptius ater. Caries tamquam solvo demum benevolentia tamisium turpis accedo celebrer angulus.</p>', 'https://loremflickr.com/640/480/food?lock=2467579467661312', '2023-12-04 09:02:53', '2023-12-04 09:02:53', 1),
(16, 'Handcrafted Bronze Pizza', 'The automobile layout consists of a front-engine design, with transaxle-type transmissions mounted at the rear of the engine and four wheel drive', '<h1>Handcrafted Bronze Pizza</h1><img src=\'https://loremflickr.com/640/480/food?lock=7055421701357568\' alt=\'Not found\' /><br /><b>The automobile layout consists of a front-engine design, with transaxle-type transmissions mounted at the rear of the engine and four wheel drive</b><p>Antiquus aeneus pecto totus tactus ustulo absconditus utilis. Timidus vos decerno coniecto venustas vir capio. Audio ventito depraedor. Tum vae subiungo deduco. Aegrus uter conitor. Tenax cum solum teneo suppellex comprehendo cogito deorsum addo. Aggero theatrum supra atque ullus summisse victoria odio demum incidunt. Bonus acsi ascisco approbo coerceo tot vomer.</p><img src=\'https://loremflickr.com/640/480/food?lock=4651611079049216\' alt=\'Not found\' /><br /><h2>Small</h2><p>Ventito aro pecus bis civitas caelestis. Bibo patruus atavus nihil. Atqui cruciamentum ipsam alius quibusdam demonstro demulceo. Vulgivagus aqua consequuntur velit terebro conscendo clementia cometes. Administratio neque verumtamen pecco quod sopor curvo certe.</p><h2>Wooden</h2><p>Desidero tempora depono desidero caute. Vigilo quasi ante addo perferendis. Pauper autus studio. Vulgivagus tardus colo cavus ulterius in aranea ultio vomer. Adsuesco dapifer cupressus arma crux. Abbas abutor valetudo comparo abstergo bibo eveniet artificiose tertius armarium.</p>', 'https://loremflickr.com/640/480/food?lock=7055421701357568', '2023-12-04 09:02:53', '2023-12-04 09:02:53', 1),
(17, 'Practical Steel Hat', 'Andy shoes are designed to keeping in mind durability as well as trends, the most stylish range of shoes & sandals', '<h1>Practical Steel Hat</h1><img src=\'https://loremflickr.com/640/480/food?lock=4394940958244864\' alt=\'Not found\' /><br /><b>Andy shoes are designed to keeping in mind durability as well as trends, the most stylish range of shoes & sandals</b><p>Pectus calco audentia animus. Cohaero supra deorsum odit beatae cometes cultellus aequus. Auctor vinitor dolor dedico credo minus abduco ultio laboriosam. Careo adsuesco cuius adopto recusandae atrocitas corpus doloribus communis. Vestrum vos vae vorax atque. Sequi calcar solum solus deorsum tabula inflammatio denuo bene dolore. Speciosus amaritudo cursus arbitro victoria deripio adsuesco campana. Corroboro cariosus consuasor stultus. Arceo deduco desidero cursim tego tenuis.</p><img src=\'https://loremflickr.com/640/480/food?lock=1235085183418368\' alt=\'Not found\' /><br /><h2>Recycled</h2><p>Officiis thorax amor bis vito textor desparatus paens a praesentium. Vulpes tam summopere spes utrum terga qui. Expedita vesper terga defluo. Sed combibo nostrum articulus aperiam decens articulus argentum. Cribro aranea cogito magni. Amitto consequatur vilis. Cavus venia verbera vindico veniam dapifer.</p><h2>Plastic</h2><p>Non utroque arto valetudo aspernatur. Aedificium adstringo consectetur verto a sollicito versus despecto tempus. Abeo curso supellex. Demergo aduro textus aer tenetur defetiscor. Ubi sumo compello aranea. Sumo somnus conitor coaegresco suppellex vos id voluptates perspiciatis.</p>', 'https://loremflickr.com/640/480/food?lock=4394940958244864', '2023-12-04 09:02:54', '2023-12-04 09:02:54', 1),
(18, 'Refined Frozen Pizza', 'The Football Is Good For Training And Recreational Purposes', '<h1>Refined Frozen Pizza</h1><img src=\'https://loremflickr.com/640/480/food?lock=7772533411545088\' alt=\'Not found\' /><br /><b>The Football Is Good For Training And Recreational Purposes</b><p>Villa torrens terebro atque. Utor abscido minus acer calculus vox coruscus alienus omnis accendo. Ceno est rerum minima autus tendo amoveo cognatus vulticulus amaritudo. Spiculum concedo amplitudo deprecator absorbeo ambulo. Compono causa contigo testimonium torqueo exercitationem.</p><img src=\'https://loremflickr.com/640/480/food?lock=2615293132144640\' alt=\'Not found\' /><br /><h2>Sleek</h2><p>Caelestis adsuesco torqueo. Ventus rem deporto. Adsum adduco demo tibi voluptatibus vulgaris amo surculus administratio. Clementia complectus callide textor magni umbra decimus vulgus aequus. Vulnus tredecim clementia sint viridis deludo crux calcar. Adstringo quod aqua voluptate tyrannus tristis cotidie distinctio. Volaticus vespillo aveho odit patruus delicate aperte cursus. Succurro ascit tergum canis.</p><h2>Steel</h2><p>Acidus ulterius dens arca cauda ipsum aequitas. Atqui argumentum sursum sortitus via desino totidem cado tactus. Uberrime aiunt sui commemoro absens. Tabgo volutabrum quia contigo facilis bibo tergo curia turba. Accedo tandem viridis vestrum tum. Antiquus creo callide tracto dolor. Voco aggero tamquam blandior mollitia.</p>', 'https://loremflickr.com/640/480/food?lock=7772533411545088', '2023-12-04 09:02:54', '2023-12-04 09:02:54', 1),
(19, 'Rustic Cotton Chair', 'Carbonite web goalkeeper gloves are ergonomically designed to give easy fit', '<h1>Rustic Cotton Chair</h1><img src=\'https://loremflickr.com/640/480/food?lock=5821773465518080\' alt=\'Not found\' /><br /><b>Carbonite web goalkeeper gloves are ergonomically designed to give easy fit</b><p>Tonsor accusator turpis comprehendo canis cribro voveo curo arcus super. Ventito est talio apparatus deleo. Thesis victoria sustineo. Contra commodo valde coniecto molestias paulatim coepi aliquam. Statim curia aliqua virgo ventito.</p><img src=\'https://loremflickr.com/640/480/food?lock=735640715001856\' alt=\'Not found\' /><br /><h2>Handmade</h2><p>Cunctatio thermae summopere vulgus curriculum collum. Decumbo cuppedia atrocitas trans cetera excepturi. Audeo laboriosam vitium voluptatum. Capto cibo aro creptio sustineo esse aut. Textus spectaculum rem.</p><h2>Plastic</h2><p>Caute caute adsum cado velit sopor suppellex ars cruciamentum aetas. Voluntarius valetudo textilis debilito. Taedium baiulus tepidus conduco. Surculus confugo utroque claro carpo terreo adicio vester. Corrumpo cura clamo tergum textor thesis sequi suscipit. Summisse adhuc adaugeo calcar adsuesco laborum supellex acceptus. Virtus turba arcus tibi impedit arbustum. Rem aqua vulariter cras aufero qui excepturi.</p>', 'https://loremflickr.com/640/480/food?lock=5821773465518080', '2023-12-04 09:02:54', '2023-12-04 09:02:54', 1),
(20, 'Handcrafted Steel Salad', 'The beautiful range of Apple Naturalé that has an exciting mix of natural ingredients. With the Goodness of 100% Natural Ingredients', '<h1>Handcrafted Steel Salad</h1><img src=\'https://loremflickr.com/640/480/food?lock=3956337142661120\' alt=\'Not found\' /><br /><b>The beautiful range of Apple Naturalé that has an exciting mix of natural ingredients. With the Goodness of 100% Natural Ingredients</b><p>Ulciscor aestas deduco villa ara ascit animus. Artificiose bardus molestias odit abundans defero verbum vix debeo. Vindico accedo neque sponte patrocinor quos. Curia contego umbra. Conforto aetas adhaero concido corporis voluptatem ulterius casus atavus. Utor tot appono dedico adimpleo velum. Aeternus thesis tondeo aegrus tersus speculum doloremque. Veritatis sint varietas coma usus cura minima vivo cedo aggredior. Suppellex turba paens alter absorbeo consequatur adipiscor caries.</p><img src=\'https://loremflickr.com/640/480/food?lock=152609511964672\' alt=\'Not found\' /><br /><h2>Licensed</h2><p>Audentia calco cupiditate conicio architecto turbo ante. Cado creptio vinum voluptate stultus quaerat deprecator facilis. Sto est nulla officia supra adfectus compono bene necessitatibus. Vapulus textilis aequitas. Celer annus sumo adsum. Vulgaris aegre ceno.</p><h2>Bronze</h2><p>Vaco timor conicio somniculosus. Quia atrox abundans animadverto tolero vorax cruciamentum vomica caelum cunctatio. Ciminatio aro subiungo. Verbera synagoga harum contra deludo clarus. Impedit comes audentia comminor ocer tergeo admoveo. Sint vae canto tricesimus.</p>', 'https://loremflickr.com/640/480/food?lock=3956337142661120', '2023-12-04 09:02:54', '2023-12-04 09:02:54', 1),
(21, 'Tasty Bronze Chips', 'Carbonite web goalkeeper gloves are ergonomically designed to give easy fit', '<h1>Tasty Bronze Chips</h1><img src=\'https://loremflickr.com/640/480/food?lock=5182282673422336\' alt=\'Not found\' /><br /><b>Carbonite web goalkeeper gloves are ergonomically designed to give easy fit</b><p>Paens urbanus vulgaris succurro. Tot bos vomica spectaculum bene tot aiunt animi attollo. Caterva aeger adhaero argumentum stips crapula. Tempora sortitus arbustum explicabo altus quasi subseco. Tricesimus voluptates caput arx volup volva. Ventosus solio creber umbra blanditiis. Unde auxilium maxime certus crinis utrimque.</p><img src=\'https://loremflickr.com/640/480/food?lock=1293180039331840\' alt=\'Not found\' /><br /><h2>Handcrafted</h2><p>Bibo vulpes fugit modi venio approbo viduo at utique admoneo. Viscus a subnecto fugiat. Voluptatum iure caries vacuus angulus nihil. Crustulum tener admoveo tui aegrus delibero. Tremo conventus taceo utrum strenuus temporibus molestias tonsor.</p><h2>Rubber</h2><p>Cedo umbra vix accommodo vel decerno vulpes speciosus voluptas. Thalassinus ter appositus cattus dapifer cubitum uterque tametsi. Caste tempore accusamus arma. Tribuo unus cilicium adeo comptus acervus. Accommodo comprehendo adeo tabgo suspendo victoria. Debilito demens cotidie. Alioqui correptius terminatio adimpleo inflammatio aequus theca.</p>', 'https://loremflickr.com/640/480/food?lock=5182282673422336', '2023-12-04 09:02:54', '2023-12-04 09:02:54', 1),
(22, 'Recycled Wooden Shoes', 'Boston\'s most advanced compression wear technology increases muscle oxygenation, stabilizes active muscles', '<h1>Recycled Wooden Shoes</h1><img src=\'https://loremflickr.com/640/480/food?lock=6396098644017152\' alt=\'Not found\' /><br /><b>Boston\'s most advanced compression wear technology increases muscle oxygenation, stabilizes active muscles</b><p>Cum debeo decumbo tamdiu ustulo amaritudo. Facere depopulo altus itaque acsi cohibeo. Speculum asper comminor cariosus. Cibus advoco adficio clam dolor armarium arma advenio templum. Vulpes totam adeptio.</p><img src=\'https://loremflickr.com/640/480/food?lock=612629999517696\' alt=\'Not found\' /><br /><h2>Gorgeous</h2><p>Teres varius articulus arma voco sumptus utrum auctor quaerat. Vinum adinventitias harum viscus tot avarus barba vulnero. Texo alveus vociferor. Verecundia turpis conservo tunc. Tremo optio verto arcus suffragium ulterius triumphus aestivus tenuis blanditiis. Damno tenax arbustum toties tempore desidero consequuntur deficio adflicto tamen. Canis amplitudo thorax similique antepono tergo tergo praesentium capio vitae. Acer animadverto error currus enim curo victus.</p><h2>Metal</h2><p>Cilicium demonstro cervus tabesco comis testimonium antiquus. Sortitus temptatio eveniet balbus strenuus optio damnatio. Blanditiis desolo mollitia catena depulso contabesco. Apto exercitationem ultra tam varius vulpes quisquam agnitio dedecor arceo. Tero mollitia tantum comptus accusamus. Amplitudo ipsam tamdiu verbera creber voluptas aestus.</p>', 'https://loremflickr.com/640/480/food?lock=6396098644017152', '2023-12-04 09:02:54', '2023-12-04 09:02:55', 1),
(23, 'Handmade Granite Keyboard', 'The automobile layout consists of a front-engine design, with transaxle-type transmissions mounted at the rear of the engine and four wheel drive', '<h1>Handmade Granite Keyboard</h1><img src=\'https://loremflickr.com/640/480/food?lock=4602960233365504\' alt=\'Not found\' /><br /><b>The automobile layout consists of a front-engine design, with transaxle-type transmissions mounted at the rear of the engine and four wheel drive</b><p>Volaticus spiritus conduco uxor amita veritas vae cui. Teres suscipit cedo cena officiis cunabula tamen caritas arcesso stillicidium. Cresco impedit ter curto demo temptatio error. Doloribus vulgivagus culpo sumptus volva. Bestia aedificium auctus defero. Bellicus vulpes comburo fugit subito vesco vis tumultus consequatur.</p><img src=\'https://loremflickr.com/640/480/food?lock=6909302396682240\' alt=\'Not found\' /><br /><h2>Elegant</h2><p>Caveo curis tero volva adicio. Sed culpa temptatio cohors anser succurro ulterius communis. Adipiscor velit sufficio eveniet quaerat. Venio sapiente complectus cibo ciminatio. Bestia aperte caries tonsor. Quia repudiandae vulnus celer dolorum strenuus derideo cultura.</p><h2>Wooden</h2><p>Inventore tonsor corroboro auctor delectus. Currus tactus admoneo textilis curto tactus. Amaritudo culpa vesica amita cunctatio tergum. Supellex perspiciatis commodo tot tredecim. Suscipit incidunt thorax amet.</p>', 'https://loremflickr.com/640/480/food?lock=4602960233365504', '2023-12-04 09:02:55', '2023-12-04 09:02:55', 1),
(24, 'Incredible Metal Sausages', 'New range of formal shirts are designed keeping you in mind. With fits and styling that will make you stand apart', '<h1>Incredible Metal Sausages</h1><img src=\'https://loremflickr.com/640/480/food?lock=3556763381006336\' alt=\'Not found\' /><br /><b>New range of formal shirts are designed keeping you in mind. With fits and styling that will make you stand apart</b><p>Saepe umbra culpo caterva officiis antepono caveo. Ater pauci conventus crepusculum velit creator volva celer. Supra terra teneo verbera. Thermae contra caste crapula. Utroque vestrum aedificium adfero accendo sol ex tremo verbum. Turba vulticulus culpo.</p><img src=\'https://loremflickr.com/640/480/food?lock=6027481880461312\' alt=\'Not found\' /><br /><h2>Small</h2><p>Avaritia comparo vesper adipiscor amitto conatus. Speculum tenuis quo totus vicissitudo. Aperiam tremo veritatis arceo audentia pecto mollitia cicuta. Ratione excepturi absorbeo vergo. Defungo absque sodalitas carus sapiente adipiscor defaeco.</p><h2>Rubber</h2><p>Cogito in terminatio delicate voluptas. Iste bestia deficio bellum decor contabesco clibanus strenuus depromo. Enim minus succedo bene culpa sustineo. Carbo baiulus sapiente tergum. Videlicet paens summa pel adeo autem aequitas at cibus color. Calculus tandem cohors vita venio. Decet vel surculus. Beneficium provident libero voluptatem chirographum.</p>', 'https://loremflickr.com/640/480/food?lock=3556763381006336', '2023-12-04 09:02:55', '2023-12-04 09:02:55', 1),
(25, 'Rustic Steel Chips', 'Ergonomic executive chair upholstered in bonded black leather and PVC padded seat and back for all-day comfort and support', '<h1>Rustic Steel Chips</h1><img src=\'https://loremflickr.com/640/480/food?lock=4519715317743616\' alt=\'Not found\' /><br /><b>Ergonomic executive chair upholstered in bonded black leather and PVC padded seat and back for all-day comfort and support</b><p>Placeat fuga tondeo alii solutio somnus crapula cariosus necessitatibus. Terror atque creator allatus umbra consuasor distinctio ars praesentium. Canis provident at tantillus caelestis damno ascisco demo via. Suscipio vacuus tamdiu vitiosus cresco armarium defaeco perspiciatis. Voco suffoco aegrotatio commemoro adfero. Tergeo decumbo libero tabernus subito perferendis modi videlicet verto. Defleo depono auctus ceno titulus adimpleo alienus. Cetera bis tempora defungo aer eveniet. Valde audeo cibus contego cohaero. Aveho calculus odit aqua coepi uter arceo.</p><img src=\'https://loremflickr.com/640/480/food?lock=569578493050880\' alt=\'Not found\' /><br /><h2>Sleek</h2><p>Sopor vulgus defungo aetas conturbo. Stultus deripio auditor. Tendo casus depromo nesciunt sulum vespillo. Tam trado soleo illum una nihil valetudo. Iure amiculum tardus reprehenderit quisquam ager optio.</p><h2>Granite</h2><p>Vindico aestus voluptatum cursim decens. Ventosus circumvenio carbo alo commodo verbera. Corrigo pel suppono cupiditate. Atavus cinis despecto abstergo tactus explicabo deprimo repudiandae. Praesentium auxilium suppono adicio corpus bestia cimentarius iusto atque adipiscor. Cometes suscipit neque aetas bene attero auctus depraedor tamquam. Adeo thymbra vulnero bardus totidem. Comitatus sustineo triumphus suus patrocinor ambitus. Patrocinor derelinquo victoria victus. Avaritia caput nobis thymum infit cena absorbeo adipisci distinctio.</p>', 'https://loremflickr.com/640/480/food?lock=4519715317743616', '2023-12-04 09:02:55', '2023-12-04 09:02:55', 1),
(26, 'Rustic Wooden Car', 'Ergonomic executive chair upholstered in bonded black leather and PVC padded seat and back for all-day comfort and support', '<h1>Rustic Wooden Car</h1><img src=\'https://loremflickr.com/640/480/food?lock=1144436159414272\' alt=\'Not found\' /><br /><b>Ergonomic executive chair upholstered in bonded black leather and PVC padded seat and back for all-day comfort and support</b><p>Adimpleo beneficium ante abutor vesper video. Cernuus demum quaerat verbum exercitationem. Venia curo veritatis custodia pecco patruus blanditiis laboriosam terreo absconditus. Sumptus advenio somniculosus laudantium appositus crux audentia adhuc. Bene animi tardus. Quos acidus ancilla adeptio cometes. Venio eos validus usque velit vinum. A trepide aureus saepe armarium qui velut earum accusantium culpo. Audio uterque sollicito.</p><img src=\'https://loremflickr.com/640/480/food?lock=1468968793538560\' alt=\'Not found\' /><br /><h2>Refined</h2><p>Denuo alveus casso armarium vulpes deputo derelinquo despecto sequi. Curriculum incidunt aggero nostrum patrocinor vobis. Brevis sulum quo territo victus aequitas aqua fuga accusantium. Certe clementia somnus decimus vereor summopere adopto sortitus cultura. Trucido vapulus vulnero adulescens aufero testimonium vereor communis demulceo. Articulus cibo amiculum corrumpo claustrum adsuesco vinitor. Acer asper accommodo ambulo peccatus. Tolero cavus uxor delinquo tabella verumtamen. Versus cattus audacia absum ago. Deleniti conservo alter velut cado corrigo magnam subnecto.</p><h2>Granite</h2><p>Defluo voluptate demo arbitro valeo tersus tonsor vinitor. Damno sapiente tabula adficio nostrum alveus solio aptus paulatim. Una aliquam conor absum. Absum accusamus viriliter. Correptius deleniti attollo subvenio uxor suscipit corpus tunc abbas absque. Error quisquam voluptate saepe facilis censura soleo. Cetera at uxor utilis dolore caritas. Centum turba calcar aggero abscido aranea asporto ademptio. Coniecto consequuntur vere corrupti congregatio sunt vilicus id. Canonicus triumphus articulus ulterius sustineo.</p>', 'https://loremflickr.com/640/480/food?lock=1144436159414272', '2023-12-04 09:02:55', '2023-12-04 09:02:55', 1),
(27, 'Tasty Metal Gloves', 'Boston\'s most advanced compression wear technology increases muscle oxygenation, stabilizes active muscles', '<h1>Tasty Metal Gloves</h1><img src=\'https://loremflickr.com/640/480/food?lock=2124258064990208\' alt=\'Not found\' /><br /><b>Boston\'s most advanced compression wear technology increases muscle oxygenation, stabilizes active muscles</b><p>Varietas vulnero absque vado nihil venia aut tamen auctus voluptatem. Vomer cerno angustus auxilium. Advoco conservo communis pecto capitulus defessus. Absum circumvenio cibo tego quod viduo. Angelus sapiente sophismata.</p><img src=\'https://loremflickr.com/640/480/food?lock=2001617524097024\' alt=\'Not found\' /><br /><h2>Intelligent</h2><p>Canis delectus victoria tumultus undique. Vinco auctus arbor blanditiis solitudo congregatio accommodo defleo. Attollo cenaculum caelum comis cunctatio voluptas. Auctus cernuus attero pax pauper. Aperte calco custodia optio cilicium vinum vis torrens cicuta placeat. Victoria decet vilicus delectatio ter casso viriliter creo doloremque sto.</p><h2>Bronze</h2><p>Eum vapulus delego subvenio caute rem appono talio communis alter. Termes tempora tricesimus blanditiis rem benigne vitiosus. Suus cresco ipsam cetera ara patruus triumphus cauda utroque. Explicabo sustineo suggero viriliter comparo cauda. Culpo voluptas vos conculco tametsi crudelis trans. Causa magnam tardus. Cometes sit hic. Vinco aestas incidunt collum tutis delego considero trucido delego.</p>', 'https://loremflickr.com/640/480/food?lock=2124258064990208', '2023-12-04 09:02:55', '2023-12-04 09:02:55', 1),
(28, 'Small Steel Towels', 'New ABC 13 9370, 13.3, 5th Gen CoreA5-8250U, 8GB RAM, 256GB SSD, power UHD Graphics, OS 10 Home, OS Office A & J 2016', '<h1>Small Steel Towels</h1><img src=\'https://loremflickr.com/640/480/food?lock=1901060610326528\' alt=\'Not found\' /><br /><b>New ABC 13 9370, 13.3, 5th Gen CoreA5-8250U, 8GB RAM, 256GB SSD, power UHD Graphics, OS 10 Home, OS Office A & J 2016</b><p>Eum cauda fugit. Pecco delicate capto tyrannus tibi versus adflicto ipsa. Nobis cohaero creta. Strues dolor thermae testimonium. Ut spoliatio decipio cohaero a laboriosam desino trucido quis. Harum saepe ascit studio cunae terebro volubilis stipes benigne. Acquiro voluptatum illum verto vivo. Utpote trans centum solutio alioqui surculus beatae. Varius velit ter temporibus culpo.</p><img src=\'https://loremflickr.com/640/480/food?lock=5725151851184128\' alt=\'Not found\' /><br /><h2>Unbranded</h2><p>Trans vir conitor ascit crux armarium venio. Crebro vae summopere cur constans. Comburo sint demum. Reiciendis volaticus cunctatio adaugeo. Aurum vulnero delego capio adhaero. Amet nobis odio audio. Alienus praesentium defetiscor at. Minus vita abduco volo venustas. Sulum trepide vel usque.</p><h2>Steel</h2><p>Voluptatem caritas itaque adflicto deporto voluptas paens inventore verecundia. Consequatur dens callide adsum sui cognatus vinculum cinis cumque coruscus. Ulterius in tribuo volo conventus supplanto. Paulatim tener sollers defleo. Stipes despecto degenero.</p>', 'https://loremflickr.com/640/480/food?lock=1901060610326528', '2023-12-04 09:02:56', '2023-12-04 09:02:56', 1),
(29, 'Handmade Soft Pizza', 'The Nagasaki Lander is the trademarked name of several series of Nagasaki sport bikes, that started with the 1984 ABC800J', '<h1>Handmade Soft Pizza</h1><img src=\'https://loremflickr.com/640/480/food?lock=8887162200129536\' alt=\'Not found\' /><br /><b>The Nagasaki Lander is the trademarked name of several series of Nagasaki sport bikes, that started with the 1984 ABC800J</b><p>Toties ustilo delicate. Volutabrum arbor tredecim verto libero amicitia theca. Averto copia curriculum viridis uxor. Video averto vulnus ipsa virga volutabrum conduco vos adsidue. Accommodo eius nemo caveo spargo quidem allatus adsum aperio vestrum. Admoneo utrum callide delectus unde vitium admoneo cruciamentum facilis. Dedico iusto deprimo cervus conqueror crinis timidus commodo ter. Damno tardus tum derideo caute ager amplus conatus anser. Virgo coruscus conspergo corporis decor.</p><img src=\'https://loremflickr.com/640/480/food?lock=1748312258510848\' alt=\'Not found\' /><br /><h2>Electronic</h2><p>Adsidue veniam admoveo carcer absque tergum depulso enim. Aurum suscipio aeneus apto agnosco quod delibero una. Delectatio cursus verumtamen laborum trucido. Alter alias tristis. Creo decretum venia subvenio qui apud vito distinctio.</p><h2>Frozen</h2><p>Coadunatio dignissimos venustas subvenio soleo communis. Adstringo truculenter charisma. Ocer temporibus defessus nulla. Amiculum veritatis magnam praesentium conor arcus. Laboriosam cavus spes cotidie. Tam thorax ultra amiculum vespillo.</p>', 'https://loremflickr.com/640/480/food?lock=8887162200129536', '2023-12-04 09:02:56', '2023-12-04 09:02:56', 1);
INSERT INTO `Blogs` (`id`, `name`, `short_description`, `long_description`, `image`, `createdAt`, `updatedAt`, `user_id`) VALUES
(30, 'Tasty Bronze Cheese', 'The Nagasaki Lander is the trademarked name of several series of Nagasaki sport bikes, that started with the 1984 ABC800J', '<h1>Tasty Bronze Cheese</h1><img src=\'https://loremflickr.com/640/480/food?lock=5006672881778688\' alt=\'Not found\' /><br /><b>The Nagasaki Lander is the trademarked name of several series of Nagasaki sport bikes, that started with the 1984 ABC800J</b><p>Talus combibo astrum. Surgo versus annus somniculosus cena surculus. Amita aut apud. Terga tertius aedificium odit. Certe spiritus deripio earum tamquam. Texo villa modi umerus pectus degusto bos delectatio. Currus maiores depulso beatae triduana fugiat arx. Utique creator cur tertius conforto abduco audeo. Balbus provident conscendo claustrum caste deserunt confero solitudo.</p><img src=\'https://loremflickr.com/640/480/food?lock=3269671279132672\' alt=\'Not found\' /><br /><h2>Elegant</h2><p>Deleo tergo timidus nihil. Benevolentia adversus vehemens traho solus defungo utpote vergo ubi claro. Quibusdam delicate admoveo thesis. Pauci corpus altus aduro congregatio ulciscor caritas crudelis. Tametsi vestrum basium custodia. Coepi trucido utrum conspergo admitto.</p><h2>Steel</h2><p>Aqua tremo vix curo cognomen cupio excepturi. Eaque vis corona apud utor adulatio stillicidium. Avarus sequi amiculum apostolus odio. Summa caelum peior spero patior modi defungo totidem valens amo. Vociferor cetera dens. Deserunt culpa valde calculus campana decerno deprecator iusto acies caute. Turbo aggredior ancilla vir. Confugo theologus ulterius teneo amita iusto pecto. Adulatio confido perferendis.</p>', 'https://loremflickr.com/640/480/food?lock=5006672881778688', '2023-12-04 09:02:56', '2023-12-04 09:02:56', 1),
(31, 'Gorgeous Wooden Chicken', 'New range of formal shirts are designed keeping you in mind. With fits and styling that will make you stand apart', '<h1>Gorgeous Wooden Chicken</h1><img src=\'https://loremflickr.com/640/480/food?lock=5246378288611328\' alt=\'Not found\' /><br /><b>New range of formal shirts are designed keeping you in mind. With fits and styling that will make you stand apart</b><p>Sono aut demonstro. Conicio bestia verumtamen exercitationem bardus venio theologus anser adopto aedificium. Velum viridis vacuus crux solio xiphias. Odio validus cunae volva. Quidem careo deficio tristis una vesper tamdiu aliqua tam coniecto. Atqui velum tantum uter statua casso voluptatibus comminor derelinquo.</p><img src=\'https://loremflickr.com/640/480/food?lock=4315399564820480\' alt=\'Not found\' /><br /><h2>Refined</h2><p>Tenuis suus caste alii aetas statua derideo statim cruciamentum sol. Suscipio ulciscor commodi decerno benigne cauda caput subvenio desino utique. Cena ver acer thorax stabilis. Suscipio supra considero aliquam tondeo. Ascit quas contra dolorem. Supplanto vulgo sunt. Utpote et coadunatio molestias depulso vomer. Tremo angustus utilis denuo usus talus claudeo assentator. Unus tepidus clam defero aegrus adduco. Tristis triduana deinde cultellus aggredior.</p><h2>Rubber</h2><p>Quae correptius atrox avaritia. Vobis non titulus amiculum aestus audio cicuta vespillo ubi thalassinus. Arguo aqua conitor. Decens animadverto tonsor trans studio comedo dedecor campana hic. Admoneo tametsi amaritudo subseco temptatio delinquo paens cena allatus. Degero audeo sublime dicta avarus. Voluptates dolore esse crux adsum commemoro debilito magnam. Laboriosam vae sit amita.</p>', 'https://loremflickr.com/640/480/food?lock=5246378288611328', '2023-12-04 09:02:56', '2023-12-04 09:02:56', 1),
(32, 'Small Plastic Gloves', 'The Football Is Good For Training And Recreational Purposes', '<h1>Small Plastic Gloves</h1><img src=\'https://loremflickr.com/640/480/food?lock=8915739626962944\' alt=\'Not found\' /><br /><b>The Football Is Good For Training And Recreational Purposes</b><p>Cibo vulariter delectatio aperio cinis. Alias absorbeo collum aedificium vinitor voro vilitas corona. Aveho demo bellum sumptus amiculum complectus vito. Sit centum versus subseco deprecator strues caelestis. Cernuus confugo amicitia amoveo acer correptius totam. Cervus veritatis vitium decerno compello facere claro tibi assumenda. Facere confero conduco ara sortitus color subvenio quasi.</p><img src=\'https://loremflickr.com/640/480/food?lock=1888265615441920\' alt=\'Not found\' /><br /><h2>Handcrafted</h2><p>Degenero curriculum abstergo maiores exercitationem adipiscor dolore clamo. Clementia vulgus centum. Suggero natus socius thymum caelum claro abscido peccatus fugiat. Apto reprehenderit demens comptus argumentum conicio. Amiculum ventus patior addo deinde vae pauper. Dedecor laudantium bellicus villa strues aperiam eius suffragium sit alter. Curto desidero approbo callide teneo ait solus templum dapifer credo. Cultellus amitto aestus ara bestia.</p><h2>Concrete</h2><p>Cubitum cupiditas aliqua nobis alias denuncio repudiandae temperantia. At cultellus totus occaecati. Patrocinor bellicus urbanus officia cernuus. Concido aeternus stips antiquus atavus vere vespillo coniecto. Capillus terga denique circumvenio eveniet dapifer avaritia delectus. Cilicium trepide constans quaerat ventosus bellicus studio asperiores aequitas. Demulceo caelestis vix. Advoco concido demulceo tondeo vindico.</p>', 'https://loremflickr.com/640/480/food?lock=8915739626962944', '2023-12-04 09:02:56', '2023-12-04 09:02:56', 1),
(33, 'Awesome Plastic Shirt', 'The Nagasaki Lander is the trademarked name of several series of Nagasaki sport bikes, that started with the 1984 ABC800J', '<h1>Awesome Plastic Shirt</h1><img src=\'https://loremflickr.com/640/480/food?lock=645450390568960\' alt=\'Not found\' /><br /><b>The Nagasaki Lander is the trademarked name of several series of Nagasaki sport bikes, that started with the 1984 ABC800J</b><p>Sapiente vorago degero vos voluptates vacuus sopor. Volva damnatio baiulus. Allatus dolore iste somnus iste velut defleo voveo sumo bene. Distinctio comes ascisco voluptate creo agnosco vulgivagus libero. Totus coruscus conscendo delicate caecus tutis. Cursim subvenio tamdiu desipio trado adstringo quisquam aperio compono. Pecus celer cohors. Truculenter tricesimus demulceo cogito theca accommodo trepide. Concido supellex defaeco nobis brevis calculus arca. Arbor vere cavus explicabo cernuus abutor sollers inflammatio soleo astrum.</p><img src=\'https://loremflickr.com/640/480/food?lock=8303947496292352\' alt=\'Not found\' /><br /><h2>Recycled</h2><p>Ipsa crux dedico. Sequi terebro clarus comptus vado. Vitae tero adeo thesaurus porro. Amissio quia optio deduco. Beatae debitis alter convoco dolor sufficio solum speculum. Valetudo voluptas corrigo caterva depulso sponte verumtamen cernuus suscipio tener. Verumtamen cursim coerceo sponte cognatus tepesco. Consuasor autem spes. Absens accusantium vir videlicet.</p><h2>Frozen</h2><p>Claustrum arbitro confero maxime vita vilicus combibo. Articulus aspicio adfero suffoco conculco denuncio correptius officiis curiositas. Avarus urbanus possimus vestigium aeger veritatis tego credo. Perferendis collum vilicus ex animus suggero campana degusto subiungo. Velut absum comptus.</p>', 'https://loremflickr.com/640/480/food?lock=645450390568960', '2023-12-04 09:02:56', '2023-12-04 09:02:57', 1),
(34, 'Ergonomic Fresh Fish', 'Andy shoes are designed to keeping in mind durability as well as trends, the most stylish range of shoes & sandals', '<h1>Ergonomic Fresh Fish</h1><img src=\'https://loremflickr.com/640/480/food?lock=2384214955655168\' alt=\'Not found\' /><br /><b>Andy shoes are designed to keeping in mind durability as well as trends, the most stylish range of shoes & sandals</b><p>Trado xiphias ascisco suscipit callide temeritas vigilo attero civis. Supplanto cursus sublime reiciendis antea. Tenax circumvenio comes repellendus nihil aegre trans spiculum. Vestigium sol tamen corrigo bellum quaerat ratione deleniti. Adversus curia amplus vapulus virtus. Dapifer decerno bellum nulla accusator. Turbo ademptio vulgivagus cunctatio ver illum summopere. Veritas quisquam complectus capto cernuus neque vallum carcer. Defungo altus utroque vobis taceo timidus taceo desipio cumque.</p><img src=\'https://loremflickr.com/640/480/food?lock=2179562492395520\' alt=\'Not found\' /><br /><h2>Small</h2><p>Sollers tendo ver aeger apparatus cupiditas cras despecto alveus. Pecco cultura iusto defetiscor. Vigor tristis crur denuo tondeo testimonium taceo. Decumbo valens attero decretum maxime stipes. Ater truculenter tui coepi cauda crinis caelum vacuus.</p><h2>Bronze</h2><p>Cohors cibo crepusculum administratio cras. Ago conduco cilicium vorax peccatus. Cattus despecto alias custodia. Aranea tenuis bardus crebro arbor aequitas succedo. Degero defendo desipio varius angulus magni coniecto. Pecto utilis quis amicitia cursus concido distinctio. Tubineus eveniet acies patior utique tandem basium carbo tamdiu turpis. Acidus absorbeo bos demoror absorbeo. Agnosco beatus cursus.</p>', 'https://loremflickr.com/640/480/food?lock=2384214955655168', '2023-12-04 09:03:01', '2023-12-04 09:03:01', 1),
(35, 'Luxurious Wooden Shoes', 'Boston\'s most advanced compression wear technology increases muscle oxygenation, stabilizes active muscles', '<h1>Luxurious Wooden Shoes</h1><img src=\'https://loremflickr.com/640/480/food?lock=4364185949437952\' alt=\'Not found\' /><br /><b>Boston\'s most advanced compression wear technology increases muscle oxygenation, stabilizes active muscles</b><p>Tersus curatio aeger vestigium. Voluptates nostrum dicta. Corpus quis thymbra solium. Ustulo adicio architecto unde theatrum creber decipio expedita. Ago neque absorbeo vinco aegrus utroque depono. Consequatur tepesco sperno maiores. Aeger dens venustas vulgo asperiores terreo comptus subnecto desino. Aptus substantia contabesco corporis animus consequuntur viduo. Tametsi cum defungo attollo varius tremo odit tempus suscipit. Aliquam virgo cunctatio cometes acerbitas tertius patrocinor certe sufficio.</p><img src=\'https://loremflickr.com/640/480/food?lock=8454045486284800\' alt=\'Not found\' /><br /><h2>Incredible</h2><p>Aestas tristis capitulus alii spiculum vitiosus vesica tredecim. Venia vos careo pariatur itaque repellendus amitto demo ante terebro. Perspiciatis colo congregatio traho conturbo pecus deinde sopor sed. Debeo adulatio suffragium desidero defendo dolorum articulus beneficium cuius. Sumptus cattus tener spectaculum esse cerno cito ver. Speciosus catena non aegrus cattus avaritia ipsa vicinus. Creta ipsam decens tyrannus sumptus temeritas natus decimus adopto aut.</p><h2>Granite</h2><p>Usus labore vicinus perspiciatis amo possimus. Vitiosus cumque comitatus tui. Dedico adopto vita verecundia. Deporto agnosco ulterius. Vox decerno valetudo anser cruentus stillicidium cruentus.</p>', 'https://loremflickr.com/640/480/food?lock=4364185949437952', '2023-12-04 09:03:02', '2023-12-04 09:03:02', 1),
(36, 'Recycled Fresh Pants', 'The Football Is Good For Training And Recreational Purposes', '<h1>Recycled Fresh Pants</h1><img src=\'https://loremflickr.com/640/480/food?lock=5096718519500800\' alt=\'Not found\' /><br /><b>The Football Is Good For Training And Recreational Purposes</b><p>Deinde voluptas amoveo sponte. Viscus audeo subnecto adimpleo utilis calamitas solio talis ceno. Defaeco sum neque eius demo. Audacia acquiro acceptus aiunt conculco capitulus decet volaticus. Creptio conqueror cohaero adhuc ancilla. Tandem tutamen aveho celer modi.</p><img src=\'https://loremflickr.com/640/480/food?lock=1332058695663616\' alt=\'Not found\' /><br /><h2>Elegant</h2><p>Audacia subnecto vilicus patior carpo talio. Curo alias deduco. Ipsum deficio adhaero adfectus caelestis cupiditas vergo laborum abduco appello. Valetudo carmen explicabo officiis curatio tam. Sortitus tamdiu corona. Abundans corona tribuo arcesso barba repellat denuncio versus ex. Audeo collum vere claudeo voluptates aspicio coruscus aduro iusto. Tamisium summa curiositas arcesso speciosus truculenter creta amiculum. Brevis minima corrigo spiritus sopor colo vulnus tabgo adopto. Delego xiphias debitis deleniti deprimo arx cursus aduro.</p><h2>Metal</h2><p>Uredo expedita praesentium uberrime victoria defleo ocer sufficio. Consequatur volaticus caelestis. Maiores magni audio contra alo aggredior auxilium voluptas. Sponte deserunt alii alter ascit corpus aveho curo a advenio. Desipio quam ullus bellum. Bardus terebro cresco cognatus comitatus. Speculum curtus patrocinor valeo assumenda thymbra repellat. Reiciendis defleo advenio tametsi vel atrocitas harum sollers.</p>', 'https://loremflickr.com/640/480/food?lock=5096718519500800', '2023-12-04 09:03:03', '2023-12-04 09:03:03', 1),
(37, 'Electronic Granite Sausages', 'Carbonite web goalkeeper gloves are ergonomically designed to give easy fit', '<h1>Electronic Granite Sausages</h1><img src=\'https://loremflickr.com/640/480/food?lock=3407366957563904\' alt=\'Not found\' /><br /><b>Carbonite web goalkeeper gloves are ergonomically designed to give easy fit</b><p>Cenaculum sint expedita degenero. Vespillo aestus viscus. Ubi caveo consuasor trepide bos articulus crustulum colligo tot. Vigilo auditor tego solvo vere natus sulum eius. Demum venustas colligo. Voro utroque apostolus quibusdam vesica aptus aegrotatio. Cognomen vado ullam comptus adiuvo vinculum cupiditas carmen. Vox quidem thymbra aro degero saepe tui despecto aestivus error. Casso demergo desparatus inventore aestivus apparatus ver decet delectus. Copia sperno depraedor timidus cometes cernuus.</p><img src=\'https://loremflickr.com/640/480/food?lock=7505476937842688\' alt=\'Not found\' /><br /><h2>Luxurious</h2><p>Canis corrumpo contabesco desolo spiritus condico. Tametsi calco virtus demergo cito adiuvo adamo. Deprimo aperio arcus depopulo umbra cotidie ambitus cognomen absconditus unde. Clibanus considero aufero cruciamentum solitudo astrum. Subvenio adipisci victus cui tametsi vorax. Adulescens uberrime arbitro calculus ambulo textus ambitus damno thesis vulnus. Eligendi auditor animi voco tabula uberrime. Confugo annus architecto sapiente. Amiculum absens sub.</p><h2>Cotton</h2><p>Ut verto architecto suasoria collum comis tres delego titulus. Damnatio varius copia supra armarium deleniti vomica ventus trepide brevis. Arca antiquus tardus corrumpo verbum. Commodo arto animadverto cura cuppedia. Coepi sonitus vacuus patior illum utique. Alveus atrox nemo speciosus iste pauci. Viduo caput vinco cubicularis. Cunae tabesco valeo pectus. Coerceo adeo aqua.</p>', 'https://loremflickr.com/640/480/food?lock=3407366957563904', '2023-12-04 09:03:03', '2023-12-04 09:03:03', 1),
(38, 'Licensed Cotton Chips', 'New range of formal shirts are designed keeping you in mind. With fits and styling that will make you stand apart', '<h1>Licensed Cotton Chips</h1><img src=\'https://loremflickr.com/640/480/food?lock=5934867380436992\' alt=\'Not found\' /><br /><b>New range of formal shirts are designed keeping you in mind. With fits and styling that will make you stand apart</b><p>Statua condico trado tam carbo venio adsidue sit voluptatum articulus. Conculco deduco verecundia correptius quas cibus demoror minus teres dolorum. Absens aut bardus culpa damnatio nisi reprehenderit strenuus admitto. Vapulus pecto venia dedecor abundans vitiosus. Dapifer decens venustas. Adinventitias esse vergo subvenio ante sit clam defluo. Contabesco spargo corrupti spes acidus uredo trado quisquam constans. Comptus vir dolor porro ustulo caries ancilla. Alter abbas pax statua.</p><img src=\'https://loremflickr.com/640/480/food?lock=6959185363206144\' alt=\'Not found\' /><br /><h2>Handmade</h2><p>Celebrer abutor voco apud adduco. Ratione avarus credo. Sit sustineo nobis auctus. Cibus comparo adsum demitto cui trado eaque color. Subiungo conculco explicabo concedo. Benigne caecus ascit cattus tabella. Deputo amoveo surculus minima amita ver abutor cumque. Circumvenio desparatus alioqui acquiro bellicus ipsa capio cunabula unus perspiciatis. Attollo tego apto soluta esse. Fugit caterva est arma claustrum aperte apostolus.</p><h2>Concrete</h2><p>Vetus custodia stillicidium comptus tener caste. Sol demonstro verbera aperiam canis terreo arbustum statim comprehendo copia. Ascit tamquam trepide ara stultus tergum deorsum victoria cribro viduo. Eos defendo contra verecundia voco coniuratio eaque eveniet caritas carpo. Cometes damno vos. Vomito nam pecto ait sponte clibanus. Causa cena capto templum nihil validus agnosco creator. Delectus adsuesco cerno subiungo unus creta acquiro universe maxime.</p>', 'https://loremflickr.com/640/480/food?lock=5934867380436992', '2023-12-04 09:03:03', '2023-12-04 09:03:03', 1),
(39, 'Refined Cotton Chips', 'New ABC 13 9370, 13.3, 5th Gen CoreA5-8250U, 8GB RAM, 256GB SSD, power UHD Graphics, OS 10 Home, OS Office A & J 2016', '<h1>Refined Cotton Chips</h1><img src=\'https://loremflickr.com/640/480/food?lock=2029744721756160\' alt=\'Not found\' /><br /><b>New ABC 13 9370, 13.3, 5th Gen CoreA5-8250U, 8GB RAM, 256GB SSD, power UHD Graphics, OS 10 Home, OS Office A & J 2016</b><p>Confero nisi temperantia comprehendo autem cruciamentum. Accendo cornu voco cupiditas. Verecundia tabella sulum provident casus volaticus. Tendo arca quas voluptate conatus vestrum certus vulnero avarus. Tabella aestas amor vulariter tunc. Ullam audacia cultura. Summisse deporto correptius umquam. Depromo sopor uredo. Suus depono vehemens altus cetera defleo volup demo volutabrum colligo.</p><img src=\'https://loremflickr.com/640/480/food?lock=1737961402007552\' alt=\'Not found\' /><br /><h2>Handmade</h2><p>Truculenter defetiscor valde volva desparatus eaque. Stabilis textor tunc comprehendo volva. Culpo absorbeo dedico cupressus adopto comminor vito sustineo reprehenderit strenuus. Aegre cinis cenaculum at advoco. Coma tabernus provident ademptio deorsum voveo arcesso antiquus spiculum demergo. Creta agnitio verus tempus subvenio abutor aureus aequitas. Defero deinde id ager pel.</p><h2>Soft</h2><p>Dedecor vociferor delibero demitto aranea abundans. Tibi nostrum constans ara nobis demoror voro voluptas. Cohaero triumphus tertius. Adsidue vesco desino advoco verto asporto. Aliqua cur fugiat cado defetiscor conqueror numquam suppono. Fugit varietas thesis administratio videlicet decretum venio universe. Voveo comburo sodalitas conventus creptio supra ultra brevis tersus deorsum. Itaque collum una avarus. Admitto asporto ipsa creber. Carus condico amoveo verumtamen suppono summisse tutamen cimentarius.</p>', 'https://loremflickr.com/640/480/food?lock=2029744721756160', '2023-12-04 09:03:03', '2023-12-04 09:03:03', 1),
(40, 'Ergonomic Frozen Fish', 'Ergonomic executive chair upholstered in bonded black leather and PVC padded seat and back for all-day comfort and support', '<h1>Ergonomic Frozen Fish</h1><img src=\'https://loremflickr.com/640/480/food?lock=3543480907333632\' alt=\'Not found\' /><br /><b>Ergonomic executive chair upholstered in bonded black leather and PVC padded seat and back for all-day comfort and support</b><p>Illum valetudo tantillus celo candidus currus. Argumentum considero terra abundans urbanus delibero casso vestigium cogo. Victoria colligo concido ago varius tempore aestas abduco currus cibus. Demens virtus impedit cometes ventosus aspicio thymum benigne absque. Viridis succedo cibo auctus dens sponte inventore benevolentia dapifer. A titulus verus deinde aestas ambulo. Caelestis subiungo cumque trepide deleo approbo vox tibi videlicet.</p><img src=\'https://loremflickr.com/640/480/food?lock=3001954315796480\' alt=\'Not found\' /><br /><h2>Rustic</h2><p>Quis valetudo dolore vestrum calco. Crustulum vestigium curriculum sol absorbeo tenax defluo carcer eaque dolorum. Cornu agnitio pecus est excepturi arto vos quisquam aegrus. Texo thermae aptus vilicus terga. Absens adulescens pecto deinde tametsi rem depereo aestas cetera. Antepono neque cumque pecus. Bos theatrum stella abduco videlicet ceno amplitudo victus tum subvenio. Subvenio tracto constans tum. Dolore advoco comedo dens carus deludo deputo deserunt.</p><h2>Fresh</h2><p>Cena defluo accusator vado anser contego. Vorago sed contigo. Delibero acies tenax animi caste copia una. Circumvenio vilitas surculus. Comis coruscus caveo. Clarus spero abscido aeternus vitium. Sollicito arbor commemoro spes urbanus vulpes expedita ait calco. Strues spes arbor alter cunctatio. Pariatur alias capio impedit subiungo beatae argentum.</p>', 'https://loremflickr.com/640/480/food?lock=3543480907333632', '2023-12-04 09:03:03', '2023-12-04 09:03:03', 1),
(41, 'Oriental Fresh Soap', 'The Nagasaki Lander is the trademarked name of several series of Nagasaki sport bikes, that started with the 1984 ABC800J', '<h1>Oriental Fresh Soap</h1><img src=\'https://loremflickr.com/640/480/food?lock=14209075118080\' alt=\'Not found\' /><br /><b>The Nagasaki Lander is the trademarked name of several series of Nagasaki sport bikes, that started with the 1984 ABC800J</b><p>Theologus caterva depulso quos cuius considero angustus nihil sperno. Convoco solum crudelis volup coruscus sortitus id. Perferendis tolero acquiro copia. Cras conventus sit triduana vinco debilito villa demitto nesciunt cur. Victoria virtus vaco. Calculus nam demulceo defetiscor qui vallum apud. Vaco tandem valens laudantium solitudo. Vilitas demoror super ventosus veniam reiciendis textor aptus caput timidus. Blandior vinum contabesco.</p><img src=\'https://loremflickr.com/640/480/food?lock=3821673417539584\' alt=\'Not found\' /><br /><h2>Modern</h2><p>Cohors accedo auxilium timor contego eius speculum. Communis terreo communis deripio ustilo. Decor atque contra admiratio strues ustilo beatus. Certe id creta bellicus desino vestrum absens. Usitas viduo nam velit coepi crastinus bonus charisma defetiscor corrigo. Aegre antea facere cado.</p><h2>Wooden</h2><p>Crepusculum crux compono vulgivagus volaticus varietas. Defessus uxor arca. Subiungo clementia defero aetas speciosus comis vae. Truculenter derideo cotidie circumvenio aestus calculus comedo tristis. Conicio timidus substantia conduco timidus pecco. Unde vapulus temperantia. Inflammatio tonsor adulescens.</p>', 'https://loremflickr.com/640/480/food?lock=14209075118080', '2023-12-04 09:03:03', '2023-12-04 09:03:03', 1),
(42, 'Modern Soft Bacon', 'Ergonomic executive chair upholstered in bonded black leather and PVC padded seat and back for all-day comfort and support', '<h1>Modern Soft Bacon</h1><img src=\'https://loremflickr.com/640/480/food?lock=904953577078784\' alt=\'Not found\' /><br /><b>Ergonomic executive chair upholstered in bonded black leather and PVC padded seat and back for all-day comfort and support</b><p>Communis ambitus velit tempus victoria sperno ceno crur acidus. Aurum volup adfero aequus alias cohaero viscus. Tot cognomen calcar strues deserunt bonus bardus depraedor. Tenus crur aequitas. Clamo talus celebrer conqueror sortitus villa conscendo conculco canis occaecati. Astrum delectatio aestivus vulgivagus debitis stillicidium.</p><img src=\'https://loremflickr.com/640/480/food?lock=2031992023547904\' alt=\'Not found\' /><br /><h2>Luxurious</h2><p>Statim mollitia cresco odit. Congregatio tollo cena vulticulus. Decipio adinventitias delicate suffragium teneo curtus avaritia vulpes. Ducimus laudantium beneficium. Denuo abutor saepe turpis cotidie utilis. Alias somnus dolorum autus succedo trucido error enim solum excepturi. Termes curto statim candidus adimpleo voluptatem. Harum umerus constans. Porro virga patruus curto vir taedium provident quibusdam.</p><h2>Fresh</h2><p>Crebro eius cogo vos derelinquo volubilis. Ars coma animadverto currus temeritas. Solitudo eum caute cado verto amoveo. Victoria corpus demum atqui pauci harum tactus ventus. Dignissimos aperte sulum cohibeo validus. Valens umerus aestus usitas sto. Iusto suffoco suscipio subseco vulpes. Barba ullus eveniet defungo tum. Ago defetiscor id dolores aggredior. Umerus ex rem animadverto supellex causa corroboro cruentus.</p>', 'https://loremflickr.com/640/480/food?lock=904953577078784', '2023-12-04 09:07:16', '2023-12-04 09:07:16', 6),
(43, 'Licensed Concrete Pizza', 'New ABC 13 9370, 13.3, 5th Gen CoreA5-8250U, 8GB RAM, 256GB SSD, power UHD Graphics, OS 10 Home, OS Office A & J 2016', '<h1>Licensed Concrete Pizza</h1><img src=\'https://loremflickr.com/640/480/food?lock=7595408733765632\' alt=\'Not found\' /><br /><b>New ABC 13 9370, 13.3, 5th Gen CoreA5-8250U, 8GB RAM, 256GB SSD, power UHD Graphics, OS 10 Home, OS Office A & J 2016</b><p>Color caritas vulpes aureus animus aeternus. Strues ascisco blanditiis vesper cur patrocinor ago cunctatio conculco. Valeo labore adulescens expedita. Textus arto strenuus. Aliqua cenaculum victus vere ter demum alienus. Valens administratio eos.</p><img src=\'https://loremflickr.com/640/480/food?lock=5029028517904384\' alt=\'Not found\' /><br /><h2>Incredible</h2><p>Contigo solutio subseco canonicus. Texo est aequitas demergo cohibeo astrum tamdiu tum. Vilitas villa stella delibero vitium patria. Adsidue tamen summopere verecundia cunctatio deleniti sequi. Cervus molestias capto minima. Aurum derelinquo cerno quisquam fuga adsum. Caste textor caries amita pecto curiositas. Valens atrocitas vulticulus sol appositus decor atrox vester. Abutor thalassinus vester argumentum beatae laudantium suasoria capto. Depono cattus angustus perferendis autem templum abbas quasi vilitas.</p><h2>Cotton</h2><p>Tergiversatio subseco super coniecto umquam officiis. Utroque addo molestias commodi tamisium tantum abundans corporis ver testimonium. Inflammatio chirographum amitto conspergo caelestis. Civitas umerus adinventitias vorago corrigo pauper spargo termes suasoria. Cultura cursim accedo blandior aranea nobis coma.</p>', 'https://loremflickr.com/640/480/food?lock=7595408733765632', '2023-12-04 09:07:20', '2023-12-04 09:07:20', 4),
(44, 'Incredible Granite Computer', 'Carbonite web goalkeeper gloves are ergonomically designed to give easy fit', '<h1>Incredible Granite Computer</h1><img src=\'https://loremflickr.com/640/480/food?lock=7946674494242816\' alt=\'Not found\' /><br /><b>Carbonite web goalkeeper gloves are ergonomically designed to give easy fit</b><p>Cognatus dens tamdiu tam beneficium socius dens necessitatibus vilitas video. Sonitus caritas aeternus atqui nam cupressus catena cervus. Sol depereo argentum. Sumo adeptio tardus denuo tepidus ago veritas vorax succurro. Atrocitas vix succedo velit. Soleo voco cervus deripio utique tenus stabilis quibusdam. Arguo voluptas ceno dolorum. Vaco deleniti canis sophismata aeneus vester ait.</p><img src=\'https://loremflickr.com/640/480/food?lock=6505666831187968\' alt=\'Not found\' /><br /><h2>Awesome</h2><p>Damnatio cui calco valetudo articulus ascisco aegrotatio denego textilis pax. Tabula uter suspendo undique eos est vae quis. Incidunt demitto attonbitus aestas defungo crapula laudantium vapulus. Delego attonbitus denego aro adimpleo sursum cogo titulus vilitas. Tumultus ars cruentus viridis desino temporibus aspicio commodo. Ocer bellum arx nulla despecto currus viscus. Cicuta ad bos carbo celo catena.</p><h2>Fresh</h2><p>Porro reiciendis una torqueo vallum uterque pectus. Patria fugiat cauda totam cuppedia crudelis arcus somnus averto. Peior angustus texo despecto eligendi alii. Amissio animi incidunt. Valens tubineus cunctatio circumvenio minima atrox sollers. Cilicium tergo demens surculus autem tantum beneficium terror strues damnatio. Uter testimonium aperiam deleniti celer possimus coepi necessitatibus.</p>', 'https://loremflickr.com/640/480/food?lock=7946674494242816', '2023-12-04 09:07:20', '2023-12-04 09:07:20', 1),
(45, 'Recycled Metal Bike', 'New range of formal shirts are designed keeping you in mind. With fits and styling that will make you stand apart', '<h1>Recycled Metal Bike</h1><img src=\'https://loremflickr.com/640/480/food?lock=6306403947905024\' alt=\'Not found\' /><br /><b>New range of formal shirts are designed keeping you in mind. With fits and styling that will make you stand apart</b><p>Spes carbo culpo verecundia pectus alter. Cimentarius audio temporibus eligendi trepide aestivus saepe utor. Fugit tergo agnitio cognomen tantum speciosus tam. Textus suus carpo quae campana cervus. Magni titulus verecundia patior versus auctor deleo virtus combibo.</p><img src=\'https://loremflickr.com/640/480/food?lock=2146758400409600\' alt=\'Not found\' /><br /><h2>Fantastic</h2><p>Delego caute a. Conculco damno assentator reiciendis delectatio cauda verumtamen vitium acer. Tempore credo accusamus dolorum utroque supra traho. Tribuo video voco uredo textor ustilo corroboro dedecor est creber. Abundans cur absum stabilis totus paens depulso. Aperte aedificium cresco vix crapula suadeo acer accusantium cedo uberrime. Strenuus chirographum cumque coadunatio cohors tendo temptatio ante trepide. Umbra provident curatio vado.</p><h2>Granite</h2><p>Doloribus territo tego contigo patrocinor coaegresco accommodo patruus explicabo. Vulnero summa adduco basium capillus voveo bene curiositas. Absorbeo adipisci comburo ocer ipsum decretum. Patior solus casus convoco. Demoror vehemens cuppedia iusto quos adficio currus despecto. Rem natus pauper angelus incidunt cohaero vomito.</p>', 'https://loremflickr.com/640/480/food?lock=6306403947905024', '2023-12-04 09:07:21', '2023-12-04 09:07:21', 5),
(46, 'Rustic Metal Salad', 'Andy shoes are designed to keeping in mind durability as well as trends, the most stylish range of shoes & sandals', '<h1>Rustic Metal Salad</h1><img src=\'https://loremflickr.com/640/480/food?lock=3355187487965184\' alt=\'Not found\' /><br /><b>Andy shoes are designed to keeping in mind durability as well as trends, the most stylish range of shoes & sandals</b><p>Adulescens angulus somnus suasoria coniuratio tonsor. Texo aegre cito defungo cerno cribro. Cursim decens circumvenio copia adamo vitiosus dolorum congregatio corporis. Adulatio fuga cupiditate catena crepusculum. Civitas turba avarus dedecor acer deprimo trucido.</p><img src=\'https://loremflickr.com/640/480/food?lock=1972704924139520\' alt=\'Not found\' /><br /><h2>Tasty</h2><p>Virga surgo ars utilis sunt curo conduco amplexus. Summisse beneficium tendo votum ceno bellicus est. Demum vergo pectus credo vis accusator tyrannus clam. Arx tabella utroque caput conitor quas tamdiu. Conicio vergo vesper cruciamentum basium.</p><h2>Metal</h2><p>Degenero templum eveniet tui utroque quos accedo contigo. Doloribus contabesco vesco statua vestigium comburo eligendi. Infit currus depraedor coaegresco. Amplexus defaeco valetudo usus aperiam spiculum. Virtus cribro consuasor. Veniam usque circumvenio calamitas turba denuo pectus aperiam tribuo. Clibanus crustulum truculenter succurro artificiose compono. Capitulus contra vix summopere tam deficio absconditus.</p>', 'https://loremflickr.com/640/480/food?lock=3355187487965184', '2023-12-04 09:07:21', '2023-12-04 09:07:21', 10),
(47, 'Luxurious Steel Tuna', 'Carbonite web goalkeeper gloves are ergonomically designed to give easy fit', '<h1>Luxurious Steel Tuna</h1><img src=\'https://loremflickr.com/640/480/food?lock=7318616334663680\' alt=\'Not found\' /><br /><b>Carbonite web goalkeeper gloves are ergonomically designed to give easy fit</b><p>Ducimus suppono atqui tertius tendo corona caute voluntarius candidus sufficio. Tamisium dapifer clarus placeat varietas asperiores earum tempora. Communis appono accusator alias cohibeo clam tersus. Accendo cursim aestas testimonium casso annus vicissitudo conventus audacia commodi. Laudantium demergo conscendo cohibeo. Vester trucido at antepono tametsi.</p><img src=\'https://loremflickr.com/640/480/food?lock=5240963047882752\' alt=\'Not found\' /><br /><h2>Oriental</h2><p>Theatrum vapulus amplexus reiciendis. Culpo contigo conscendo. Pax ascit crapula. Aeneus thymum vociferor strenuus omnis. Demum triduana conduco iste terga anser valde suasoria usus celer. Clam centum qui tempora. Ratione aiunt delectus vallum aureus amor arbor thema pauci acerbitas.</p><h2>Wooden</h2><p>Ustilo amor crustulum congregatio consequuntur sono antiquus. Tempus vociferor cupio vesica bestia certus cibo corroboro atrox. Ipsum delinquo communis candidus ullus tenetur deinde adnuo complectus calculus. Vestigium admoveo solutio ambitus accommodo. Valde culpa corporis dapifer universe adhaero.</p>', 'https://loremflickr.com/640/480/food?lock=7318616334663680', '2023-12-04 09:07:21', '2023-12-04 09:07:21', 1),
(48, 'Elegant Cotton Chair', 'Andy shoes are designed to keeping in mind durability as well as trends, the most stylish range of shoes & sandals', '<h1>Elegant Cotton Chair</h1><img src=\'https://loremflickr.com/640/480/food?lock=2206187126784\' alt=\'Not found\' /><br /><b>Andy shoes are designed to keeping in mind durability as well as trends, the most stylish range of shoes & sandals</b><p>Comedo illo capto voro. Tristis adficio caterva voluptatum coadunatio infit utroque canto nulla. Tricesimus vox sit acceptus acidus adfectus. Compono denego denuo volaticus tergeo demitto pauci maxime. Comes tribuo antepono spiculum tempore incidunt coepi. Titulus suadeo solio vigor adulescens est. Pecco clarus fugit adinventitias ipsa carmen voluntarius absque quasi.</p><img src=\'https://loremflickr.com/640/480/food?lock=2171294544035840\' alt=\'Not found\' /><br /><h2>Ergonomic</h2><p>Aqua callide tumultus cattus. Capillus viridis cito abutor. Nihil vomito surculus bene cursim universe coma. Carcer quo uberrime bellicus victus laborum cursim iusto voluptatum eum. Vorax depereo admoveo.</p><h2>Granite</h2><p>Voluntarius certe speciosus eum vaco despecto thalassinus. Toties trado causa verbum. Vapulus ver comedo stultus conicio vulgo eveniet amet nisi. Delectus ipsum tardus super commodo bene comitatus. Tolero valetudo validus abundans. Aetas calco sumo tardus umquam triduana ratione delicate.</p>', 'https://loremflickr.com/640/480/food?lock=2206187126784', '2023-12-04 09:07:21', '2023-12-04 09:07:21', 9),
(49, 'Awesome Bronze Gloves', 'The slim & simple Maple Gaming Keyboard from Dev Byte comes with a sleek body and 7- Color RGB LED Back-lighting for smart functionality', '<h1>Awesome Bronze Gloves</h1><img src=\'https://loremflickr.com/640/480/food?lock=230085447647232\' alt=\'Not found\' /><br /><b>The slim & simple Maple Gaming Keyboard from Dev Byte comes with a sleek body and 7- Color RGB LED Back-lighting for smart functionality</b><p>Adaugeo sufficio barba concedo ascisco deficio tabesco thalassinus. Conturbo vigor cariosus. Claustrum condico absum. Adsuesco adiuvo claudeo cattus clam utpote vulgaris carus adhaero. Conspergo assumenda crur thalassinus via velit tres. Temperantia sui centum cervus antiquus concedo vomica.</p><img src=\'https://loremflickr.com/640/480/food?lock=5943789229178880\' alt=\'Not found\' /><br /><h2>Rustic</h2><p>Coepi adeo contigo ter desidero. Vita vinco sed subvenio surgo. Adulatio aureus despecto tredecim quisquam cursim. Expedita quam pecus quo caries correptius tremo sollicito vomica. Aeneus agnosco curto thesis amo tamen adulescens. Abutor versus cometes stella combibo incidunt a dolor aptus via. At celebrer iste thymum suffoco pecto tunc acerbitas carcer tutis.</p><h2>Fresh</h2><p>Volva arcus ventosus fuga volo vulariter. Amet calco ultio odit attero ambitus cresco cur. Cinis vehemens laboriosam cito eaque caries umbra venia tricesimus. Beatae via deleniti. Unus vaco correptius vorago theologus cilicium aveho cibus socius nesciunt. Dolores denique vigilo temptatio usitas deficio. Bellum eligendi aestivus. Subito eveniet voro animadverto socius patruus substantia distinctio. Argentum peior cernuus cubicularis benevolentia volaticus angustus ipsa.</p>', 'https://loremflickr.com/640/480/food?lock=230085447647232', '2023-12-04 09:07:21', '2023-12-04 09:07:21', 8),
(50, 'Fantastic Metal Bacon', 'Andy shoes are designed to keeping in mind durability as well as trends, the most stylish range of shoes & sandals', '<h1>Fantastic Metal Bacon</h1><img src=\'https://loremflickr.com/640/480/food?lock=3375605854765056\' alt=\'Not found\' /><br /><b>Andy shoes are designed to keeping in mind durability as well as trends, the most stylish range of shoes & sandals</b><p>Amicitia spoliatio aureus pecus adipiscor acsi ventus debeo tres. Tam aveho velit thymum triumphus turbo creta subnecto. Vergo comes deinde adhuc aestas suasoria suffragium deporto. Tyrannus titulus quod. Causa capio utrum curvo recusandae. Conculco utrum tamquam ulterius velociter vicissitudo mollitia acerbitas angulus. Vulgus valetudo condico arca. Ambulo carcer vivo adficio dignissimos.</p><img src=\'https://loremflickr.com/640/480/food?lock=8125560125390848\' alt=\'Not found\' /><br /><h2>Elegant</h2><p>Consuasor quas aperte aveho suspendo caste quaerat corona. Utilis acidus urbanus. Alter commemoro commodi ab itaque coniecto utrimque subvenio cenaculum tantum. Alter acquiro temperantia. Accusamus utilis attero volubilis timor. Dedecor arcus in temeritas itaque tactus tibi. Agnosco vigilo vulnus tonsor aperiam spiritus aperio demonstro demonstro vergo. Ex aperio cernuus texo comprehendo animadverto carus.</p><h2>Fresh</h2><p>Vinco adulescens autus aestivus dapifer. Tum apud calculus sit calcar torrens unde. Veritas cornu allatus corrupti aequus curia. Animus subnecto tego volubilis desipio timidus thesaurus fuga adnuo. Cur cras auctor verumtamen atavus. Acer tabula est. Fugiat laborum tot amitto minima contra adopto nisi amoveo volaticus. Textor vinum alter aut arx canonicus.</p>', 'https://loremflickr.com/640/480/food?lock=3375605854765056', '2023-12-04 09:07:21', '2023-12-04 09:07:21', 3),
(51, 'Practical Rubber Pizza', 'The Apollotech B340 is an affordable wireless mouse with reliable connectivity, 12 months battery life and modern design', '<h1>Practical Rubber Pizza</h1><img src=\'https://loremflickr.com/640/480/food?lock=6747005940400128\' alt=\'Not found\' /><br /><b>The Apollotech B340 is an affordable wireless mouse with reliable connectivity, 12 months battery life and modern design</b><p>Casso accusator ater spiculum ut ultio. Caritas deleo defleo. Degusto quos sono ambulo quo nemo umbra conscendo pecus curis. Est summa ambitus demitto officia trucido crebro. Caelestis denique trado. Ater coaegresco sub approbo concido crinis. Aliquid cattus utique avaritia animadverto similique sublime triduana damno sui. Tonsor tamen auctus. Amplus animadverto statua. Volaticus attero caritas praesentium texo sunt corrigo.</p><img src=\'https://loremflickr.com/640/480/food?lock=5556867052863488\' alt=\'Not found\' /><br /><h2>Generic</h2><p>Dolorum ulterius umquam somnus debitis convoco adeo calculus adversus ipsum. Ceno vitium deprecator tamdiu cruciamentum angustus comis beneficium comes. Aegrotatio ventus vomica cuppedia alo autem recusandae sufficio totam. Sum coruscus depulso dicta ipsum quis terminatio summopere socius cena. Usque denuncio cenaculum sum tonsor desolo ater. Texo suggero vivo. Torrens ascisco patior voluntarius clam. Volutabrum viridis tunc desidero.</p><h2>Granite</h2><p>Dolores attero contego corrumpo spectaculum cavus ad aliquid avarus animadverto. Cavus aeneus dolorum aegrus absconditus admiratio. Desparatus eum vix solium vae aegrus benigne veniam sui. Alioqui vae minus pariatur nesciunt. Iure peccatus argumentum canis ver cibus. Sursum tenus ea distinctio cauda civis porro. Argumentum depromo sursum adduco depono sunt super.</p>', 'https://loremflickr.com/640/480/food?lock=6747005940400128', '2023-12-04 09:07:21', '2023-12-04 09:07:21', 10),
(52, 'Refined Cotton Towels', 'Ergonomic executive chair upholstered in bonded black leather and PVC padded seat and back for all-day comfort and support', '<h1>Refined Cotton Towels</h1><img src=\'https://loremflickr.com/640/480/food?lock=5572231983792128\' alt=\'Not found\' /><br /><b>Ergonomic executive chair upholstered in bonded black leather and PVC padded seat and back for all-day comfort and support</b><p>Repudiandae acquiro labore abscido. Beatus arceo coepi avaritia corrumpo pauci super denuncio. Culpo solum defleo accedo cum repellat adsuesco tamisium aliquam. Traho crur eaque quo aliqua dolores cometes demoror adnuo arca. Caries virgo triumphus deprecator unus aduro cum. Cariosus charisma cogito.</p><img src=\'https://loremflickr.com/640/480/food?lock=5283096417009664\' alt=\'Not found\' /><br /><h2>Tasty</h2><p>Recusandae curvo cerno crastinus nostrum. Stipes toties arbor thymbra utique dens desino cumque tutamen antiquus. Adamo quaerat vilicus surgo succedo thalassinus. Aut viridis supra. Talio vindico currus paens clarus. Tantum adimpleo credo. Alius usus solvo talus tabgo vulpes absens tracto adipisci tribuo. Aureus condico adeo capitulus suffoco decet recusandae fuga benevolentia comprehendo.</p><h2>Cotton</h2><p>Viridis depulso caelum labore tergo tepesco aptus. Utroque crapula sono vulariter torrens dedecor facilis caelestis compello. Vae viduo solitudo accusator veniam constans votum copia catena cunae. Alii carus aeger solutio theologus aegrus centum itaque verecundia. Bellicus cresco stella tondeo auditor audax voluntarius. Antepono vicissitudo defleo curatio tempore amoveo inventore eveniet. Utor vetus cupressus ambitus animus viscus. Suffoco coaegresco depereo nisi tener.</p>', 'https://loremflickr.com/640/480/food?lock=5572231983792128', '2023-12-04 09:07:22', '2023-12-04 09:07:22', 4),
(53, 'Electronic Concrete Ball', 'The automobile layout consists of a front-engine design, with transaxle-type transmissions mounted at the rear of the engine and four wheel drive', '<h1>Electronic Concrete Ball</h1><img src=\'https://loremflickr.com/640/480/food?lock=2740544413368320\' alt=\'Not found\' /><br /><b>The automobile layout consists of a front-engine design, with transaxle-type transmissions mounted at the rear of the engine and four wheel drive</b><p>Solutio ocer volva comes pauci aequitas. Caelum aptus alienus cerno vaco nobis argumentum admitto animadverto. Ullus vilicus quos. Solium cuppedia abscido annus tergeo careo optio tertius. Contra cogito umerus comprehendo. Sub sollicito iusto totam. Aegrus viscus depono alo vitium calco clementia.</p><img src=\'https://loremflickr.com/640/480/food?lock=542578330042368\' alt=\'Not found\' /><br /><h2>Handcrafted</h2><p>Certe decretum pecto repellat arcus alii campana thymbra. Thymbra adficio qui omnis. Modi bis credo cras copiose ocer. Blanditiis acceptus stabilis cito maxime traho vesco averto. Ascisco vilis demergo consequatur suppono veritatis ipsa. Unde temporibus repudiandae. Damnatio trepide ipsam. Brevis conculco voluptatibus tollo thalassinus absconditus administratio claustrum conventus. Attollo utrum calcar adimpleo decet corrigo.</p><h2>Soft</h2><p>Atqui canonicus animi barba consuasor sono ascit. Acies cogito cornu deprimo cunctatio clementia cohors aedificium tendo charisma. Copiose suasoria tres viscus clam spes sollicito defungo. Hic tenetur utor angustus explicabo. Conicio ascisco aetas adnuo ustilo patrocinor utpote. Decet debeo uredo aspernatur textor bonus comminor usque conicio caste. Quibusdam vigilo terminatio cado. Adulatio sursum ubi accusator dicta tristis debeo cilicium vos apto. Rerum omnis somniculosus corona vivo soleo conicio mollitia vomer appono.</p>', 'https://loremflickr.com/640/480/food?lock=2740544413368320', '2023-12-04 09:07:22', '2023-12-04 09:07:22', 4),
(54, 'Refined Wooden Computer', 'The slim & simple Maple Gaming Keyboard from Dev Byte comes with a sleek body and 7- Color RGB LED Back-lighting for smart functionality', '<h1>Refined Wooden Computer</h1><img src=\'https://loremflickr.com/640/480/food?lock=2502808221777920\' alt=\'Not found\' /><br /><b>The slim & simple Maple Gaming Keyboard from Dev Byte comes with a sleek body and 7- Color RGB LED Back-lighting for smart functionality</b><p>Denique supra dens conqueror. Turpis autus eligendi surgo cognatus cultellus adopto aer vinum. Quaerat amicitia creator cruentus absorbeo vulgivagus debeo totam libero. Caute confido conor voluptate capillus suffragium qui. Sursum deinde capto distinctio tonsor clementia ullam consectetur. Cenaculum tamquam aegrotatio adamo. Tyrannus suffragium contra adsum ager vigilo adversus. Viduo ubi strenuus deprecator veritatis patior doloribus cupiditate abeo desipio. Voluptas officia brevis tandem iste vester bardus.</p><img src=\'https://loremflickr.com/640/480/food?lock=3625150977146880\' alt=\'Not found\' /><br /><h2>Incredible</h2><p>Voluntarius spoliatio barba vir cattus. Tutamen curtus voluptas eos celebrer speciosus arbor toties. Vester timidus at. Arbustum quae universe tergeo taceo degero tantum tabesco incidunt cariosus. Somnus advenio alioqui. Calco expedita caveo voluntarius ulciscor volo.</p><h2>Bronze</h2><p>Accedo cohibeo ars. Patria solus attollo vesica trepide ait vorago. Ciminatio cupressus dolor coerceo bellum clamo excepturi sumptus brevis confero. Asper minus vobis theatrum adduco comminor conventus. Modi cras compono clamo tubineus arguo. Commemoro torrens deprecator. Necessitatibus dicta summopere venio solium stabilis defungo. Dolores urbanus amet.</p>', 'https://loremflickr.com/640/480/food?lock=2502808221777920', '2023-12-04 09:07:22', '2023-12-04 09:07:22', 1),
(55, 'Unbranded Concrete Pants', 'The automobile layout consists of a front-engine design, with transaxle-type transmissions mounted at the rear of the engine and four wheel drive', '<h1>Unbranded Concrete Pants</h1><img src=\'https://loremflickr.com/640/480/food?lock=7915732528529408\' alt=\'Not found\' /><br /><b>The automobile layout consists of a front-engine design, with transaxle-type transmissions mounted at the rear of the engine and four wheel drive</b><p>Tutis stipes tero. Sint accendo constans demens vitiosus. Tres balbus at crux. Voluptatem vilitas confido. Adnuo in aliqua velut censura. Victus aliquid vociferor conatus.</p><img src=\'https://loremflickr.com/640/480/food?lock=8928392351055872\' alt=\'Not found\' /><br /><h2>Tasty</h2><p>Terminatio adversus amita voluptatem amicitia tutamen deficio acerbitas ipsam. Summisse accommodo ara termes solum stipes defleo capio acceptus. Solitudo dedico votum adfectus cuppedia suasoria cetera cruentus. Qui amplitudo blandior bonus desparatus. Taceo temperantia uberrime urbanus. Tergo dolorum volubilis suggero vociferor. Cum aegre rem aequus tenuis amiculum audio caste. Vaco accusamus tergum peccatus verecundia abbas curis nihil. Cubicularis vero alius cauda ubi vigilo. Spiritus demulceo adfectus adstringo fuga comminor.</p><h2>Frozen</h2><p>Ut pecco titulus triduana demonstro. Decretum vulgivagus aegrus eos derideo alter demergo arbor. Arbustum vilicus inflammatio. Turba cenaculum ciminatio pecco ascit sub dicta denuncio tonsor. Sodalitas vita adsuesco curto deporto. Tristis amita acerbitas super vir conservo peior adinventitias. Adfero verus adimpleo summisse coruscus pectus comprehendo. Coerceo suscipit vomito artificiose benigne. Corroboro amplus custodia assumenda. Aequitas theologus videlicet texo super.</p>', 'https://loremflickr.com/640/480/food?lock=7915732528529408', '2023-12-04 09:07:23', '2023-12-04 09:07:23', 9),
(56, 'Generic Fresh Chicken', 'The Nagasaki Lander is the trademarked name of several series of Nagasaki sport bikes, that started with the 1984 ABC800J', '<h1>Generic Fresh Chicken</h1><img src=\'https://loremflickr.com/640/480/food?lock=734137346424832\' alt=\'Not found\' /><br /><b>The Nagasaki Lander is the trademarked name of several series of Nagasaki sport bikes, that started with the 1984 ABC800J</b><p>Crinis condico curriculum deleniti eveniet fugit ipsum eaque tener. Decor varietas urbs tibi cultellus. Cupiditas adstringo cogito vicissitudo contego sumptus quibusdam. Ancilla animus decipio amissio iste auctus sponte cursim. Exercitationem depono cunabula carbo deorsum distinctio tactus. Supellex absorbeo vel adflicto cur vox terreo.</p><img src=\'https://loremflickr.com/640/480/food?lock=7926746775027712\' alt=\'Not found\' /><br /><h2>Tasty</h2><p>Capto spoliatio amo vaco candidus civis tergeo contra. Damnatio dolor fugit caecus calculus atqui tabula dolorem dedico. Ante denego peior vestigium nisi demum quos creta strenuus corporis. Vulnus tabula sophismata laborum tergeo stillicidium rerum aer cauda. Voveo terebro facere vobis victoria vomica vacuus avarus defero. Solus depereo deputo venustas sordeo ambitus cohors tergiversatio antepono admoveo. Timidus depopulo cenaculum maxime volutabrum accusamus creta. Theologus numquam omnis aequitas crustulum sto calcar. Veniam conspergo vehemens. Adstringo sopor patior uxor apostolus omnis taedium turba inventore verecundia.</p><h2>Soft</h2><p>Curis creta trepide. Admoveo speciosus solutio sollers cubicularis itaque curatio candidus acer toties. Tabesco infit voluptas bellum traho cupio annus abbas amoveo. Alii cur video ver ullam velut. Vigilo sapiente thermae stella vir doloremque. Ipsam recusandae constans. Suppellex conculco theatrum vestigium creta verbum celo quaerat charisma.</p>', 'https://loremflickr.com/640/480/food?lock=734137346424832', '2023-12-04 09:07:24', '2023-12-04 09:07:24', 6);
INSERT INTO `Blogs` (`id`, `name`, `short_description`, `long_description`, `image`, `createdAt`, `updatedAt`, `user_id`) VALUES
(57, 'Handcrafted Metal Ball', 'Carbonite web goalkeeper gloves are ergonomically designed to give easy fit', '<h1>Handcrafted Metal Ball</h1><img src=\'https://loremflickr.com/640/480/food?lock=744011646107648\' alt=\'Not found\' /><br /><b>Carbonite web goalkeeper gloves are ergonomically designed to give easy fit</b><p>Calamitas eaque stabilis accusantium voco cubicularis sophismata velociter temptatio aeneus. Comburo amplitudo inflammatio ascisco suppellex laboriosam cernuus attero caritas paens. Alter antiquus creber temporibus. Civitas aperio tui dolorum. Aequitas spes custodia. Decens amplus condico quis barba stella minus adhaero. Casus super ad aranea solitudo tendo molestias deporto callide labore. Molestiae antiquus alo pecco tero. Aureus ver dolores cultura calculus. Villa comprehendo quia damnatio tyrannus auctus molestiae virgo tenax.</p><img src=\'https://loremflickr.com/640/480/food?lock=1332233317122048\' alt=\'Not found\' /><br /><h2>Small</h2><p>Denique subiungo ubi utor adamo voluptatum textilis creptio tergum decimus. Sopor provident cado conatus caveo cresco desipio ea cras comparo. Arbitro denuncio sit tergo cervus aestus vestrum creo adamo patria. Tepidus thorax denego. Admitto celebrer timor tersus. Corpus aqua umbra conatus tantum tibi. Contra demoror appono curo. Vorago utrimque undique acerbitas carus triumphus atrox. Vitium summa abduco. Strues quam adstringo tribuo amor xiphias sui utor perferendis desparatus.</p><h2>Soft</h2><p>Volup ancilla recusandae aedificium vorax usus antea. Conitor adimpleo tamdiu vilis communis cum temporibus. Blandior cogo virtus auctus ventosus cultellus torqueo numquam abeo vitae. Cimentarius vivo soleo curto titulus clarus considero ipsa in. Utroque tamisium aperte velociter. Statua uredo collum asper cuppedia aetas. Similique cauda voco curto super. Vivo conor caterva articulus demonstro tam voluptatum aqua thermae aqua.</p>', 'https://loremflickr.com/640/480/food?lock=744011646107648', '2023-12-04 09:07:25', '2023-12-04 09:07:25', 5),
(58, 'Ergonomic Plastic Shirt', 'New ABC 13 9370, 13.3, 5th Gen CoreA5-8250U, 8GB RAM, 256GB SSD, power UHD Graphics, OS 10 Home, OS Office A & J 2016', '<h1>Ergonomic Plastic Shirt</h1><img src=\'https://loremflickr.com/640/480/food?lock=3406689841709056\' alt=\'Not found\' /><br /><b>New ABC 13 9370, 13.3, 5th Gen CoreA5-8250U, 8GB RAM, 256GB SSD, power UHD Graphics, OS 10 Home, OS Office A & J 2016</b><p>Volubilis aureus nam et. Confero nihil adinventitias demitto audax coepi dignissimos asporto aggero. Xiphias unde consequuntur demergo copia coadunatio comedo atrocitas accusamus sublime. Bos arceo armarium valde temptatio capillus tempore conspergo. Tergo sequi cetera tendo confido tendo cultellus thermae verbera. Qui velociter victus demens ago astrum adeo. Anser conculco caute. Quam quisquam vitiosus tyrannus cibus cilicium curtus cum coerceo cura. Currus verto casus in. Corrigo vicissitudo aiunt vicinus cetera cursim.</p><img src=\'https://loremflickr.com/640/480/food?lock=1001351832141824\' alt=\'Not found\' /><br /><h2>Handcrafted</h2><p>Somniculosus viriliter undique quidem clarus. Arma ex fuga distinctio trepide textor curiositas cunabula vestigium aedificium. Corrigo copiose quisquam distinctio vergo suffoco convoco quae turbo. Canis strenuus spargo. Aestas amitto commemoro tibi vivo tego quod tabesco commodi. Demergo decet conduco vulgo cubitum verbum.</p><h2>Fresh</h2><p>Astrum decipio bene conduco dolore canto libero taedium alveus a. Thymbra clementia volo debitis conforto tantillus. Uberrime defluo labore laboriosam sollicito. Ustulo in contra adsidue. Vos absconditus ullam cicuta villa armarium totus celer crepusculum. Spoliatio urbanus conforto verbera provident odit. Cultellus stella curto constans.</p>', 'https://loremflickr.com/640/480/food?lock=3406689841709056', '2023-12-04 09:07:25', '2023-12-04 09:07:25', 4),
(59, 'Luxurious Frozen Hat', 'Boston\'s most advanced compression wear technology increases muscle oxygenation, stabilizes active muscles', '<h1>Luxurious Frozen Hat</h1><img src=\'https://loremflickr.com/640/480/food?lock=1919819492360192\' alt=\'Not found\' /><br /><b>Boston\'s most advanced compression wear technology increases muscle oxygenation, stabilizes active muscles</b><p>Terreo tactus cena sophismata audeo agnitio stips. Carcer cupiditate astrum. Consequatur ademptio paens vae auctor veritatis vigor casus studio. Caveo caterva audacia chirographum urbanus ago. Aspicio adimpleo neque. Curvo artificiose sit aegrus cubicularis. Ventosus tendo comminor clementia vado carus utique compono. Dolores condico villa quod speciosus. Architecto coruscus quam deludo ambitus atrox. Cavus ait aedificium vociferor celebrer somnus curatio curvo commodo abeo.</p><img src=\'https://loremflickr.com/640/480/food?lock=3657203508576256\' alt=\'Not found\' /><br /><h2>Incredible</h2><p>Vetus utpote video corrigo veritatis. Molestias sumptus fugiat possimus creber tabesco. Arx accusator atrocitas taedium talus conturbo cruciamentum vobis apud usus. Coruscus utor curatio sublime desino aeternus. Conicio clibanus utpote sperno. Approbo similique anser totus arca fuga sequi venio minima versus.</p><h2>Concrete</h2><p>Textilis similique commodo vomer. Calco patruus arbor deprecator cilicium sui decet corrupti. Vacuus cito tepesco tabella adsuesco centum. Victus abutor cubo. Custodia corrigo despecto audacia decor. Solio annus deleniti. A caute derelinquo sustineo apto.</p>', 'https://loremflickr.com/640/480/food?lock=1919819492360192', '2023-12-04 09:07:25', '2023-12-04 09:07:25', 7),
(60, 'Bespoke Frozen Mouse', 'New ABC 13 9370, 13.3, 5th Gen CoreA5-8250U, 8GB RAM, 256GB SSD, power UHD Graphics, OS 10 Home, OS Office A & J 2016', '<h1>Bespoke Frozen Mouse</h1><img src=\'https://loremflickr.com/640/480/food?lock=1600672388612096\' alt=\'Not found\' /><br /><b>New ABC 13 9370, 13.3, 5th Gen CoreA5-8250U, 8GB RAM, 256GB SSD, power UHD Graphics, OS 10 Home, OS Office A & J 2016</b><p>Canto crux nihil adsidue adversus corona tamquam. Cupio vulgo tempus avaritia canonicus amplitudo alo a. Quia tenetur angelus confero dedecor dedecor odit caste. Stella cauda terreo amor bestia capio pariatur tenax. Concido verto tempore vulariter vinitor aut. Cognatus vespillo vaco aranea bellum quam ademptio suppono ustulo. Cervus odio repudiandae ultra viriliter victoria vinum cupiditas accusator. Creber tergo adsidue ultra denuo victoria vulgo. Cultura illo vulnus spes accendo torqueo accommodo deduco ad vae. Amaritudo appono tero cuppedia dolore patruus velociter.</p><img src=\'https://loremflickr.com/640/480/food?lock=2251963041316864\' alt=\'Not found\' /><br /><h2>Handcrafted</h2><p>Verus ventus ducimus conitor absum terra ventus carbo. Volutabrum cupressus dolorem dolore viriliter teres cruentus uberrime. Repudiandae eos sum desparatus tantum. Quae tubineus aggredior. Calcar eos nihil sumo asper tero antepono vigilo thesis animi. Valeo arx crudelis victoria quia surculus spero vergo. Soleo vindico pax quisquam conculco. Testimonium conor traho averto barba thorax caput. Alveus assumenda tutis vorax victoria.</p><h2>Metal</h2><p>Subseco tertius possimus cunabula ipsa theatrum votum vox asperiores. Volva desipio contigo accedo tenetur theatrum quasi commodi delectatio vulpes. Nam virga speculum. Circumvenio curso magnam. Vita alveus aspicio. Ulciscor deleniti cetera suspendo cernuus statim aveho sophismata. Denuo abeo contabesco cuppedia tutis blandior cilicium argumentum tripudio facilis. Talus benigne suus cultura.</p>', 'https://loremflickr.com/640/480/food?lock=1600672388612096', '2023-12-04 09:07:26', '2023-12-04 09:07:26', 9),
(61, 'Recycled Concrete Bacon', 'The Apollotech B340 is an affordable wireless mouse with reliable connectivity, 12 months battery life and modern design', '<h1>Recycled Concrete Bacon</h1><img src=\'https://loremflickr.com/640/480/food?lock=5454980016242688\' alt=\'Not found\' /><br /><b>The Apollotech B340 is an affordable wireless mouse with reliable connectivity, 12 months battery life and modern design</b><p>Spero absum doloribus truculenter. Sufficio delibero videlicet thorax aliquid degero. Aspernatur ago villa benevolentia deludo convoco minima crur templum. Accusantium sui inventore coaegresco vindico creta fugiat. Sulum solus pel auxilium tam chirographum ulterius stella. Tero cohors vomica quod decor sodalitas sophismata temporibus deporto vulgus.</p><img src=\'https://loremflickr.com/640/480/food?lock=6380512903954432\' alt=\'Not found\' /><br /><h2>Refined</h2><p>Deprecator pectus cur desolo virtus amicitia aliquam. Amissio sursum angulus delinquo. Callide copiose cura aggero absum curatio color. Comedo colligo attollo. Veritatis compello vehemens spes vapulus eos. Eum coaegresco denique animadverto concido. Soleo est capitulus validus ascisco vomer arto aequitas. Arto theca universe nulla traho suffragium. Acerbitas validus unus deporto alo adfero abbas calamitas.</p><h2>Fresh</h2><p>Accedo thermae deludo desolo aestus victus aestivus via libero vis. Auxilium supra ter argentum sponte laudantium amicitia tempus cado vesco. Cur studio paens vesco ulterius averto accendo speciosus. Soluta consuasor ipsam adhuc. Abutor celer corporis cedo substantia ratione tepesco repellat comparo. Summa vindico quaerat at condico demergo averto ut libero. Tametsi nulla adipisci temeritas quaerat spes acsi cumque curvo blanditiis. Ustilo dicta debilito ager earum comprehendo congregatio atavus sortitus.</p>', 'https://loremflickr.com/640/480/food?lock=5454980016242688', '2023-12-04 09:07:26', '2023-12-04 09:07:27', 10),
(62, 'Recycled Soft Gloves', 'Carbonite web goalkeeper gloves are ergonomically designed to give easy fit', '<h1>Recycled Soft Gloves</h1><img src=\'https://loremflickr.com/640/480/food?lock=1713833540321280\' alt=\'Not found\' /><br /><b>Carbonite web goalkeeper gloves are ergonomically designed to give easy fit</b><p>Curo vicissitudo tredecim utique votum cenaculum cervus carmen. Decimus cognatus traho compello. Argentum vigor anser anser sortitus conatus canis crebro voro coaegresco. Tutis claro clementia paulatim in ut cur carpo apud aegre. Quidem creptio adnuo suus mollitia comitatus tutamen tolero. Thermae amet venia.</p><img src=\'https://loremflickr.com/640/480/food?lock=7622498919120896\' alt=\'Not found\' /><br /><h2>Fantastic</h2><p>Carcer cuppedia nesciunt vicissitudo verbum virgo adhaero arguo. Sono nam commodo sint subito acsi. Coerceo umbra deripio depono voluptatem. Deorsum voluptas aqua demum. Velociter valde eius absconditus conicio deleo.</p><h2>Steel</h2><p>Quo texo adulatio caput abduco quos vos. Reiciendis impedit vester tardus iste unde similique magnam compello sunt. Hic volo amor verto ullam aestivus. Vilicus clam antepono carus amiculum candidus illum acerbitas. Bos aduro suggero suppellex vado agnosco caute dedico vigilo vehemens. Ait earum sollicito accusator. Patrocinor tempus casso cauda arguo vir.</p>', 'https://loremflickr.com/640/480/food?lock=1713833540321280', '2023-12-04 09:07:27', '2023-12-04 09:07:27', 3),
(63, 'Elegant Steel Bike', 'The automobile layout consists of a front-engine design, with transaxle-type transmissions mounted at the rear of the engine and four wheel drive', '<h1>Elegant Steel Bike</h1><img src=\'https://loremflickr.com/640/480/food?lock=3600656094986240\' alt=\'Not found\' /><br /><b>The automobile layout consists of a front-engine design, with transaxle-type transmissions mounted at the rear of the engine and four wheel drive</b><p>Audentia coepi accusator alias consequatur tremo adstringo quidem assentator synagoga. Campana considero thesaurus aspernatur curvo celo dicta sophismata cupiditas. Cumque arto cilicium contra. Vestrum summa temporibus verbum terreo spiritus atrox usitas in stultus. Iste corrupti ulterius. Sponte aperte ratione dolorem. Carcer sumptus vitium tantum avaritia somniculosus. Alo tunc aliquam tolero. Cursus vulnero curiositas paulatim.</p><img src=\'https://loremflickr.com/640/480/food?lock=739471716777984\' alt=\'Not found\' /><br /><h2>Ergonomic</h2><p>Depulso autus spero. Ascit harum stips adipiscor damno ventosus adipisci aspicio contra. Spero contigo perferendis curatio communis. Pax aestus voco templum aestas demum vulgus audacia. Abscido concedo defendo. Apostolus virtus tumultus sum curis condico. Comedo demitto curso terga spectaculum commemoro charisma vallum solus at. Explicabo aurum uredo capio laborum ancilla degero decretum bis.</p><h2>Frozen</h2><p>Vita thorax ab truculenter tracto aureus desipio. Vita ara desparatus. Reiciendis virgo stipes traho. Cornu demergo crudelis degero. Talis saepe amplus vorago voco cado cupressus.</p>', 'https://loremflickr.com/640/480/food?lock=3600656094986240', '2023-12-04 09:07:27', '2023-12-04 09:07:27', 3),
(64, 'Intelligent Bronze Soap', 'The Nagasaki Lander is the trademarked name of several series of Nagasaki sport bikes, that started with the 1984 ABC800J', '<h1>Intelligent Bronze Soap</h1><img src=\'https://loremflickr.com/640/480/food?lock=5720766616174592\' alt=\'Not found\' /><br /><b>The Nagasaki Lander is the trademarked name of several series of Nagasaki sport bikes, that started with the 1984 ABC800J</b><p>Expedita cervus appono uterque commodo. Adhuc stillicidium terra ea tremo. Denuncio adimpleo delectus ter adopto campana cernuus quos sperno. Vesco cavus adnuo virga pecus artificiose vulgo tantum. Dolor aestivus cribro claustrum spoliatio numquam ager thalassinus sapiente accendo. Concido bardus validus tondeo.</p><img src=\'https://loremflickr.com/640/480/food?lock=100407147757568\' alt=\'Not found\' /><br /><h2>Fantastic</h2><p>Aequitas pauci tertius. Aperiam id temptatio. Basium commodo tametsi. Acquiro audax suffragium deficio. Provident deserunt calcar uxor curatio vesco. Valetudo auditor vorago porro appositus abeo calco virgo. Laboriosam stultus adsuesco tergum capillus conforto audio. Totus collum termes corpus deludo pecco est ultio. Celer comminor demergo omnis.</p><h2>Concrete</h2><p>Corrupti correptius aliquid aperio catena appono adulescens. Voluptate caterva suffragium pariatur amita conservo peior agnosco acerbitas patruus. Celo thymum condico. Inventore aetas abduco carmen solvo amet uberrime urbanus adicio adinventitias. Absconditus abutor itaque a agnosco accusantium quam anser. Contra conspergo vado caput utpote. Dicta quibusdam cui tam vitiosus carbo antiquus caute. Adsuesco vae acquiro. Spargo debitis certus. Patior appono solitudo cresco administratio dens trado patior.</p>', 'https://loremflickr.com/640/480/food?lock=5720766616174592', '2023-12-04 09:07:27', '2023-12-04 09:07:27', 10),
(65, 'Tasty Rubber Hat', 'The slim & simple Maple Gaming Keyboard from Dev Byte comes with a sleek body and 7- Color RGB LED Back-lighting for smart functionality', '<h1>Tasty Rubber Hat</h1><img src=\'https://loremflickr.com/640/480/food?lock=1155076431282176\' alt=\'Not found\' /><br /><b>The slim & simple Maple Gaming Keyboard from Dev Byte comes with a sleek body and 7- Color RGB LED Back-lighting for smart functionality</b><p>Vos terra utrum vilis acsi cernuus. Contego tener corporis. Decimus campana desipio dignissimos voluptates victus crebro. Sit agnosco vicissitudo concido iste vae adfectus caterva teneo. Cum deprimo claudeo. Verbum cupio corona admiratio aqua. Cursim deficio cruciamentum aegrotatio. Nostrum sto socius contigo. Ver vado defessus cauda ducimus est amiculum. Hic reiciendis occaecati aurum defleo.</p><img src=\'https://loremflickr.com/640/480/food?lock=4008709527175168\' alt=\'Not found\' /><br /><h2>Practical</h2><p>Vulgivagus aetas convoco depono vel caput cursim tergeo auditor. Vomica amplus veniam vulpes adipisci. Ater rerum tollo supellex stella contego casso. Creptio aestivus magnam apto. Tam sumptus ceno cibus suffoco arbustum taceo tres. Arca tener thema solus coniuratio. Decimus charisma dolor succurro commodo coma. Vomica crur certe. Arcesso decor vulgus careo territo adstringo adfero. Iure tantillus aperio astrum adduco quasi placeat vulgo.</p><h2>Concrete</h2><p>Toties verecundia tui inventore ipsa civitas celo. Quasi victus iste defendo patria. Adnuo cunctatio virgo ceno pecto cavus. Spiritus timor quam. Tero beatae colligo pecus comptus approbo sollicito comparo. Sordeo uter ullam ambulo vulgo vilitas quod maiores.</p>', 'https://loremflickr.com/640/480/food?lock=1155076431282176', '2023-12-04 09:07:27', '2023-12-04 09:07:27', 3),
(66, 'Recycled Metal Shirt', 'The slim & simple Maple Gaming Keyboard from Dev Byte comes with a sleek body and 7- Color RGB LED Back-lighting for smart functionality', '<h1>Recycled Metal Shirt</h1><img src=\'https://loremflickr.com/640/480/food?lock=3679133542383616\' alt=\'Not found\' /><br /><b>The slim & simple Maple Gaming Keyboard from Dev Byte comes with a sleek body and 7- Color RGB LED Back-lighting for smart functionality</b><p>Suggero tandem brevis corona alias. Umbra velociter adulatio reprehenderit suus cerno toties demoror abduco nam. Territo vitiosus civitas utilis. Aeger ver rerum sono crudelis. Vulticulus carbo tibi aggredior alter trucido vulgivagus curis ubi solitudo. Alias theatrum soleo allatus aestus audio sumptus. Similique copia terminatio thesaurus vapulus aiunt quia triumphus. Demo vestrum conculco acidus arbitro. Causa vitiosus temptatio curto velociter solium. Modi cado architecto amaritudo tandem adiuvo.</p><img src=\'https://loremflickr.com/640/480/food?lock=6564278922379264\' alt=\'Not found\' /><br /><h2>Handmade</h2><p>Quos ascisco quibusdam velum condico quos. Antea acerbitas ars paens crapula. Deleniti sulum spes absum cernuus texo. Adfero vita curis sonitus synagoga crux tener adaugeo abundans. Ut demergo aedificium vulpes cauda ara sollers tepidus. Cernuus teres trepide. Abbas sordeo calculus minus arcus aggero angelus tollo appello. Solutio talus sit celebrer arbor. Caecus uterque aggero crudelis.</p><h2>Wooden</h2><p>Calcar coadunatio nam vetus veritatis ater desidero. Cinis hic careo collum comitatus derideo aestus callide concedo. Taceo contra condico adiuvo adeo tergiversatio cupiditate. Tendo aspicio quisquam odio aperte libero animus thema. Optio caput magnam audacia ventito subito modi solium trepide victoria. Cohaero arceo voluptatem. Arma tenax denuncio. Utrimque tabernus decerno tabula.</p>', 'https://loremflickr.com/640/480/food?lock=3679133542383616', '2023-12-04 09:16:48', '2023-12-04 09:16:49', 4);

-- --------------------------------------------------------

--
-- Table structure for table `Carts`
--

CREATE TABLE `Carts` (
  `id` int(11) NOT NULL,
  `user_id` int(11) NOT NULL,
  `product_id` int(11) NOT NULL,
  `quantity` int(11) NOT NULL DEFAULT 0,
  `createdAt` datetime NOT NULL,
  `updatedAt` datetime NOT NULL
) ENGINE=InnoDB DEFAULT CHARSET=utf8mb4 COLLATE=utf8mb4_unicode_ci;

--
-- Dumping data for table `Carts`
--

INSERT INTO `Carts` (`id`, `user_id`, `product_id`, `quantity`, `createdAt`, `updatedAt`) VALUES
(3, 5, 1, 4, '2023-12-09 02:19:16', '2023-12-09 02:19:16'),
(4, 9, 28, 2, '2023-12-09 02:19:16', '2023-12-09 02:19:16'),
(5, 3, 25, 5, '2023-12-09 02:19:16', '2023-12-09 02:19:16'),
(6, 6, 32, 1, '2023-12-09 02:19:17', '2023-12-09 02:19:17'),
(8, 8, 41, 3, '2023-12-09 02:19:18', '2023-12-09 02:19:18'),
(9, 2, 43, 3, '2023-12-09 02:19:18', '2023-12-09 02:19:18'),
(10, 5, 51, 3, '2023-12-09 02:19:19', '2023-12-09 02:19:19'),
(11, 7, 18, 1, '2023-12-09 02:19:19', '2023-12-09 02:19:19'),
(12, 10, 30, 3, '2023-12-09 02:19:19', '2023-12-09 02:19:19'),
(13, 10, 31, 5, '2023-12-09 02:19:19', '2023-12-09 02:19:19'),
(14, 3, 19, 5, '2023-12-09 02:19:19', '2023-12-09 02:19:19'),
(15, 2, 45, 3, '2023-12-09 02:19:20', '2023-12-09 02:19:20'),
(17, 7, 7, 2, '2023-12-09 02:19:20', '2023-12-09 02:19:20'),
(18, 10, 33, 2, '2023-12-09 02:19:20', '2023-12-09 02:19:20'),
(19, 5, 22, 5, '2023-12-09 02:19:20', '2023-12-09 02:19:20'),
(21, 2, 48, 1, '2023-12-09 02:19:21', '2023-12-09 02:19:21'),
(22, 3, 35, 5, '2023-12-09 02:19:21', '2023-12-09 02:19:21'),
(24, 6, 30, 3, '2023-12-09 02:19:21', '2023-12-09 02:19:21'),
(25, 3, 32, 4, '2023-12-09 02:19:21', '2023-12-09 02:19:21'),
(26, 7, 45, 2, '2023-12-09 02:19:22', '2023-12-09 02:19:22'),
(27, 8, 25, 5, '2023-12-09 02:19:22', '2023-12-09 02:19:22'),
(28, 3, 7, 3, '2023-12-09 02:19:22', '2023-12-09 02:19:22'),
(30, 10, 42, 3, '2023-12-09 02:19:22', '2023-12-09 02:19:22'),
(31, 8, 3, 2, '2023-12-09 02:19:23', '2023-12-09 02:19:23'),
(34, 3, 33, 4, '2023-12-09 02:19:23', '2023-12-09 02:19:23'),
(36, 9, 26, 1, '2023-12-09 02:19:24', '2023-12-09 02:19:24'),
(37, 8, 49, 4, '2023-12-09 02:19:24', '2023-12-09 02:19:24'),
(38, 3, 13, 1, '2023-12-09 02:19:24', '2023-12-09 02:19:24'),
(39, 4, 49, 5, '2023-12-09 02:19:24', '2023-12-09 02:19:24'),
(40, 6, 38, 5, '2023-12-09 02:19:25', '2023-12-09 02:19:25'),
(41, 8, 27, 3, '2023-12-09 02:19:25', '2023-12-09 02:19:25'),
(42, 10, 26, 5, '2023-12-09 02:19:25', '2023-12-09 02:19:25'),
(43, 5, 25, 5, '2023-12-09 02:19:25', '2023-12-09 02:19:25'),
(44, 9, 22, 2, '2023-12-09 02:19:26', '2023-12-09 02:19:26'),
(45, 6, 26, 3, '2023-12-09 02:19:26', '2023-12-09 02:19:26'),
(46, 5, 28, 3, '2023-12-09 02:19:26', '2023-12-09 02:19:26'),
(47, 10, 9, 3, '2023-12-09 02:19:26', '2023-12-09 02:19:26'),
(48, 6, 8, 5, '2023-12-09 02:19:27', '2023-12-09 02:19:27'),
(50, 9, 5, 5, '2023-12-09 02:19:27', '2023-12-09 02:19:27'),
(51, 7, 27, 5, '2023-12-09 02:19:27', '2023-12-09 02:19:27'),
(52, 7, 20, 5, '2023-12-09 02:19:27', '2023-12-09 02:19:27'),
(53, 3, 5, 3, '2023-12-09 02:19:28', '2023-12-09 02:19:28'),
(54, 2, 3, 3, '2023-12-09 02:19:28', '2023-12-09 02:19:28'),
(55, 2, 18, 3, '2023-12-09 02:19:28', '2023-12-09 02:19:28'),
(56, 3, 10, 2, '2023-12-09 02:19:28', '2023-12-09 02:19:28'),
(57, 5, 23, 2, '2023-12-09 02:19:28', '2023-12-09 02:19:28'),
(59, 3, 8, 5, '2023-12-09 02:19:29', '2023-12-09 02:19:29'),
(60, 4, 45, 3, '2023-12-09 02:19:29', '2023-12-09 02:19:29'),
(61, 4, 50, 4, '2023-12-09 02:19:29', '2023-12-09 02:19:29'),
(62, 4, 36, 4, '2023-12-09 02:19:29', '2023-12-09 02:19:29'),
(63, 6, 34, 4, '2023-12-09 02:19:30', '2023-12-09 02:19:30'),
(64, 3, 47, 1, '2023-12-09 02:19:30', '2023-12-09 02:19:30'),
(65, 7, 38, 4, '2023-12-09 02:19:30', '2023-12-09 02:19:30'),
(67, 8, 1, 1, '2023-12-09 02:19:30', '2023-12-09 02:19:30'),
(68, 8, 31, 5, '2023-12-09 02:19:31', '2023-12-09 02:19:31'),
(69, 2, 5, 2, '2023-12-09 02:19:31', '2023-12-09 02:19:31'),
(70, 8, 50, 5, '2023-12-09 02:19:31', '2023-12-09 02:19:31'),
(72, 9, 35, 3, '2023-12-09 02:19:31', '2023-12-09 02:19:31'),
(73, 9, 9, 4, '2023-12-09 02:19:32', '2023-12-09 02:19:32'),
(74, 6, 27, 1, '2023-12-09 02:19:32', '2023-12-09 02:19:32'),
(75, 10, 34, 5, '2023-12-09 02:19:32', '2023-12-09 02:19:32'),
(76, 9, 10, 3, '2023-12-09 02:19:32', '2023-12-09 02:19:32'),
(77, 3, 50, 5, '2023-12-09 02:19:33', '2023-12-09 02:19:33'),
(79, 8, 17, 2, '2023-12-09 02:19:33', '2023-12-09 02:19:33'),
(80, 10, 19, 1, '2023-12-09 02:19:33', '2023-12-09 02:19:33'),
(81, 5, 47, 4, '2023-12-09 02:19:33', '2023-12-09 02:19:33'),
(82, 9, 51, 2, '2023-12-09 02:19:34', '2023-12-09 02:19:34'),
(85, 4, 6, 5, '2023-12-09 02:19:34', '2023-12-09 02:19:34'),
(89, 10, 17, 3, '2023-12-09 02:19:35', '2023-12-09 02:19:35'),
(90, 10, 47, 4, '2023-12-09 02:19:35', '2023-12-09 02:19:35'),
(91, 10, 21, 3, '2023-12-09 02:19:36', '2023-12-09 02:19:36'),
(93, 8, 15, 3, '2023-12-09 02:19:36', '2023-12-09 02:19:36'),
(94, 8, 33, 2, '2023-12-09 02:19:36', '2023-12-09 02:19:36'),
(95, 10, 41, 1, '2023-12-09 02:19:36', '2023-12-09 02:19:36'),
(96, 3, 30, 3, '2023-12-09 02:19:37', '2023-12-09 02:19:37'),
(97, 9, 14, 3, '2023-12-09 02:19:37', '2023-12-09 02:19:37'),
(98, 4, 42, 1, '2023-12-09 02:19:37', '2023-12-09 02:19:37'),
(99, 2, 50, 4, '2023-12-09 02:19:37', '2023-12-09 02:19:37'),
(100, 9, 46, 5, '2023-12-09 02:19:37', '2023-12-09 02:19:37'),
(101, 7, 32, 5, '2023-12-09 02:19:38', '2023-12-09 02:19:38'),
(102, 10, 36, 5, '2023-12-09 02:19:38', '2023-12-09 02:19:38'),
(104, 7, 21, 5, '2023-12-09 02:19:38', '2023-12-09 02:19:38'),
(105, 4, 48, 2, '2023-12-09 02:19:38', '2023-12-09 02:19:38'),
(134, 1, 2, 2, '2023-12-10 04:34:49', '2023-12-10 04:34:49'),
(135, 1, 3, 1, '2023-12-10 04:34:49', '2023-12-10 04:34:49');

-- --------------------------------------------------------

--
-- Table structure for table `Categories`
--

CREATE TABLE `Categories` (
  `id` int(11) NOT NULL,
  `name` varchar(100) NOT NULL,
  `image` text NOT NULL
) ENGINE=InnoDB DEFAULT CHARSET=utf8mb4 COLLATE=utf8mb4_unicode_ci;

--
-- Dumping data for table `Categories`
--

INSERT INTO `Categories` (`id`, `name`, `image`) VALUES
(1, 'Fresh Meat', 'fresh-meat.png'),
(2, 'Vegetables', 'vegetables.jpg'),
(3, 'Fruit & Nut Gifts', 'fruit-nut-gifts.jpg'),
(4, 'Fresh Berries', 'fresh-berries.jpg'),
(5, 'Ocean Foods', 'ocean-foods.jpeg'),
(6, 'Butter & Eggs', 'butter-eggs.jpg'),
(7, 'Fastfood', 'fastfood.jpg'),
(8, 'Fesh Onion', 'fresh-onion.jpg'),
(9, 'Papayaya & Crisps', 'papayaya-crisps.jpg'),
(10, 'Oatmeal', 'oatmeal.jpg'),
(11, 'Fesh Bananas', 'fresh-bananas.jpeg');

-- --------------------------------------------------------

--
-- Table structure for table `Codes`
--

CREATE TABLE `Codes` (
  `id` int(11) NOT NULL,
  `code` varchar(255) DEFAULT NULL,
  `createdAt` datetime NOT NULL,
  `updatedAt` datetime NOT NULL
) ENGINE=InnoDB DEFAULT CHARSET=utf8mb4 COLLATE=utf8mb4_unicode_ci;

--
-- Dumping data for table `Codes`
--

INSERT INTO `Codes` (`id`, `code`, `createdAt`, `updatedAt`) VALUES
(1, 'MT0001', '2023-12-12 11:02:11', '2023-12-12 11:02:11'),
(2, 'MT0002', '2023-12-12 11:02:13', '2023-12-12 11:02:13'),
(3, 'MT0003', '2023-12-12 11:02:14', '2023-12-12 11:02:14'),
(4, 'MT0004', '2023-12-12 11:02:14', '2023-12-12 11:02:14'),
(5, 'MT0004', '2023-12-12 11:02:14', '2023-12-12 11:02:14');

-- --------------------------------------------------------

--
-- Table structure for table `OrderDetails`
--

CREATE TABLE `OrderDetails` (
  `id` int(11) NOT NULL,
  `order_id` int(11) NOT NULL,
  `product_id` int(11) NOT NULL,
  `quantity` int(11) NOT NULL,
  `price` float NOT NULL,
  `createdAt` datetime NOT NULL,
  `updatedAt` datetime NOT NULL
) ENGINE=InnoDB DEFAULT CHARSET=utf8mb4 COLLATE=utf8mb4_unicode_ci;

--
-- Dumping data for table `OrderDetails`
--

INSERT INTO `OrderDetails` (`id`, `order_id`, `product_id`, `quantity`, `price`, `createdAt`, `updatedAt`) VALUES
(1, 4, 5, 2, 414.21, '2023-12-10 04:19:13', '2023-12-10 04:19:13'),
(2, 4, 2, 1, 698.06, '2023-12-10 04:19:13', '2023-12-10 04:19:13'),
(3, 4, 4, 1, 271.48, '2023-12-10 04:19:13', '2023-12-10 04:19:13'),
(4, 6, 2, 2, 698.06, '2023-12-10 04:37:06', '2023-12-10 04:37:06'),
(5, 6, 3, 1, 78.96, '2023-12-10 04:37:06', '2023-12-10 04:37:06');

-- --------------------------------------------------------

--
-- Table structure for table `Orders`
--

CREATE TABLE `Orders` (
  `id` int(11) NOT NULL,
  `user_id` int(11) NOT NULL,
  `status` enum('CREATED','CONFIRMED','SHIPPING','CANCELLED','COMPLETE') NOT NULL,
  `createdAt` datetime NOT NULL,
  `updatedAt` datetime NOT NULL
) ENGINE=InnoDB DEFAULT CHARSET=utf8mb4 COLLATE=utf8mb4_unicode_ci;

--
-- Dumping data for table `Orders`
--

INSERT INTO `Orders` (`id`, `user_id`, `status`, `createdAt`, `updatedAt`) VALUES
(4, 1, 'CREATED', '2023-12-10 04:19:13', '2023-12-10 04:19:13'),
(6, 1, 'CREATED', '2023-12-10 04:37:06', '2023-12-10 04:37:06');

-- --------------------------------------------------------

--
-- Table structure for table `ProductCategories`
--

CREATE TABLE `ProductCategories` (
  `product_id` int(11) NOT NULL,
  `category_id` int(11) NOT NULL
) ENGINE=InnoDB DEFAULT CHARSET=utf8mb4 COLLATE=utf8mb4_unicode_ci;

--
-- Dumping data for table `ProductCategories`
--

INSERT INTO `ProductCategories` (`product_id`, `category_id`) VALUES
(1, 1),
(2, 7),
(2, 9),
(3, 11),
(4, 2),
(5, 6),
(5, 10),
(6, 5),
(7, 9),
(8, 3),
(8, 5),
(8, 6),
(9, 8),
(10, 4),
(10, 11),
(11, 2),
(12, 2),
(12, 5),
(13, 10),
(14, 2),
(14, 9),
(14, 10),
(15, 1),
(15, 5),
(15, 11),
(16, 4),
(16, 7),
(17, 1),
(17, 2),
(17, 7),
(18, 3),
(18, 4),
(19, 2),
(19, 9),
(20, 6),
(21, 9),
(22, 1),
(22, 9),
(23, 1),
(23, 5),
(24, 8),
(24, 9),
(25, 5),
(26, 2),
(26, 3),
(26, 8),
(27, 1),
(27, 8),
(28, 10),
(29, 8),
(30, 1),
(30, 10),
(30, 11),
(31, 7),
(31, 10),
(32, 2),
(32, 7),
(32, 8),
(33, 3),
(33, 7),
(34, 3),
(34, 6),
(35, 1),
(35, 7),
(35, 9),
(36, 5),
(36, 11),
(37, 3),
(38, 6),
(39, 1),
(39, 2),
(39, 6),
(40, 8),
(41, 5),
(41, 8),
(42, 1),
(43, 7),
(44, 7),
(44, 9),
(45, 6),
(46, 3),
(46, 8),
(47, 1),
(48, 4),
(48, 11),
(49, 4),
(49, 11),
(50, 2),
(50, 4),
(50, 5),
(51, 2),
(51, 6),
(51, 8);

-- --------------------------------------------------------

--
-- Table structure for table `Products`
--

CREATE TABLE `Products` (
  `id` int(11) NOT NULL,
  `name` varchar(100) NOT NULL,
  `short_description` varchar(500) NOT NULL,
  `long_description` text NOT NULL,
  `real_price` float NOT NULL,
  `sale_price` float NOT NULL,
  `stock` int(11) NOT NULL,
  `weight` float NOT NULL,
  `images` text NOT NULL,
  `createdAt` datetime NOT NULL,
  `updatedAt` datetime NOT NULL,
  `user_id` int(11) DEFAULT NULL
) ENGINE=InnoDB DEFAULT CHARSET=utf8mb4 COLLATE=utf8mb4_unicode_ci;

--
-- Dumping data for table `Products`
--

INSERT INTO `Products` (`id`, `name`, `short_description`, `long_description`, `real_price`, `sale_price`, `stock`, `weight`, `images`, `createdAt`, `updatedAt`, `user_id`) VALUES
(1, 'Small Steel Chair', 'The Apollotech B340 is an affordable wireless mouse with reliable connectivity, 12 months battery life and modern design', '<h1>Small Steel Chair</h1><img src=\'https://loremflickr.com/640/480/food?lock=959652833525760\' alt=\'Not found\' /><br /><b>The Apollotech B340 is an affordable wireless mouse with reliable connectivity, 12 months battery life and modern design</b><p>Uterque pecco comminor congregatio quidem abstergo ut sint. Desparatus autus in cursim reiciendis cruentus tergo civitas. Caste caste spiculum vergo officiis magnam. Solium audax vulgivagus utrum adficio suadeo angulus. Contigo verecundia corrupti vulnero tergum victus usque. Via decens cruentus contego. Apostolus aestus minima crapula desparatus turbo acerbitas. Eius tero conculco adflicto pecto. Modi tenetur denuncio dolor. Tenax ex vulgivagus acervus condico laborum.</p><img src=\'https://loremflickr.com/640/480/food?lock=3317607260225536\' alt=\'Not found\' /><br /><h2>Unbranded</h2><p>Tantillus hic adipiscor velociter tantillus alter. Totam amicitia sollicito libero stultus acceptus. Stillicidium est a vox. Pax thymum crudelis. Alo tumultus abundans adfero. Reprehenderit talis ultra veritatis.</p><h2>Metal</h2><p>Aegre similique sed aeternus sperno. Acerbitas venia cattus decet alo utique consectetur. Viriliter calco conturbo truculenter vigor vomer. Studio corona suscipio voluptates corroboro. Cervus deripio thesaurus bellicus deinde alioqui stella qui thorax appositus.</p>', 226.87, 157.32, 34, 68.13, 'https://loremflickr.com/640/480/food?lock=959652833525760,https://loremflickr.com/640/480/food?lock=3193699336978432,https://loremflickr.com/640/480/food?lock=6574098398314496,https://loremflickr.com/640/480/food?lock=5608151028072448,https://loremflickr.com/640/480/food?lock=6696712833859584,https://loremflickr.com/640/480/food?lock=899671578902528,https://loremflickr.com/640/480/food?lock=8779656962506752,https://loremflickr.com/640/480/food?lock=6464076414713856,https://loremflickr.com/640/480/food?lock=2072895920537600,https://loremflickr.com/640/480/food?lock=3596170471407616', '2023-12-02 06:57:09', '2023-12-02 06:57:09', 1),
(2, 'Handmade Bronze Shirt', 'The Football Is Good For Training And Recreational Purposes', '<h1>Handmade Bronze Shirt</h1><img src=\'https://loremflickr.com/640/480/food?lock=4913005980549120\' alt=\'Not found\' /><br /><b>The Football Is Good For Training And Recreational Purposes</b><p>Tonsor vigilo canonicus comis. Cruentus sunt aliquam sum. Approbo color addo communis crebro clementia. Ambulo patrocinor ad adicio cubicularis omnis cupiditate patruus denego comitatus. Tam talus crebro tametsi cervus derideo cupiditate virgo vorax.</p><img src=\'https://loremflickr.com/640/480/food?lock=5098202608959488\' alt=\'Not found\' /><br /><h2>Intelligent</h2><p>Validus animadverto omnis ambitus spargo uterque certe. Vacuus vestigium thymbra casso conventus vado apparatus vesper desino a. Ago aduro ustulo tamisium textor damnatio atavus fuga adaugeo. Derelinquo alienus decipio alioqui aperio. Iusto sed soleo. Velit civis veritatis tabgo tabernus vomer sortitus. Thermae socius utrum umbra cometes adulatio delectatio.</p><h2>Metal</h2><p>Adsum viduo statim suppellex exercitationem desipio toties. Campana crustulum solum. Varius credo rerum coerceo admiratio ipsum pecto aestus amaritudo. Tamen attero via arcesso vitium aeger. Somniculosus antepono bibo. Tolero conspergo defessus succedo timor sustineo cicuta aqua. Socius dens aliqua suus vulticulus vergo architecto. Una vos nihil decumbo.</p>', 612.27, 698.06, 68, 38.61, 'https://loremflickr.com/640/480/food?lock=4913005980549120,https://loremflickr.com/640/480/food?lock=5673253620154368,https://loremflickr.com/640/480/food?lock=1941475252240384,https://loremflickr.com/640/480/food?lock=7955020196610048', '2023-12-02 06:57:11', '2023-12-10 04:37:06', 1),
(3, 'Handcrafted Metal Bacon', 'New range of formal shirts are designed keeping you in mind. With fits and styling that will make you stand apart', '<h1>Handcrafted Metal Bacon</h1><img src=\'https://loremflickr.com/640/480/food?lock=96495867002880\' alt=\'Not found\' /><br /><b>New range of formal shirts are designed keeping you in mind. With fits and styling that will make you stand apart</b><p>Sunt defero vehemens tabula. Cado fugit adinventitias caterva bos cognomen apostolus uredo fugit averto. Adficio deripio arcus theca ceno aveho tondeo temptatio aro. Absque tutamen vado ceno. Adamo viridis subito vestrum uredo bestia. Id quae volutabrum verus. Articulus umbra temeritas adfero deprimo amor. Cruciamentum cumque aduro cuppedia triumphus cito undique vesco cerno. Tametsi vereor temeritas arx curtus veritas abeo patruus. Summisse thesis ipsa terra amplexus ascisco capto vitium.</p><img src=\'https://loremflickr.com/640/480/food?lock=8500878738718720\' alt=\'Not found\' /><br /><h2>Handmade</h2><p>Turbo delectus cupio aut tametsi natus suscipio thorax. Trepide adhaero abbas cui terror pecco voluptas deorsum. Pauci contigo strenuus peior comedo bellicus veritas animadverto. Summa depereo cuppedia subito bellicus. Theologus verbera blandior virga. Harum damno varius vivo. Usus celo aedificium qui neque statua tracto. Quia decor verbum defleo aveho tenuis voco turba. Vos pax conculco.</p><h2>Rubber</h2><p>Decerno adsuesco cibo delego ciminatio canonicus praesentium degusto. Tener vulariter capillus arbor ager curis adfectus amo. Officiis arbor currus utor campana rerum aperio nostrum appono contra. Adsuesco commodi conitor acerbitas aro suus spectaculum voro. Assumenda caput creber. Sustineo textilis vinculum caute. Vulpes consequatur suscipit aperte non astrum.</p>', 293.39, 78.96, 3, 77.56, 'https://loremflickr.com/640/480/food?lock=96495867002880,https://loremflickr.com/640/480/food?lock=1090626661646336,https://loremflickr.com/640/480/food?lock=859475915309056,https://loremflickr.com/640/480/food?lock=4754374922338304,https://loremflickr.com/640/480/food?lock=3166712427970560,https://loremflickr.com/640/480/food?lock=4584513317371904', '2023-12-02 06:57:11', '2023-12-10 04:37:06', 1),
(4, 'Elegant Plastic Towels', 'The Football Is Good For Training And Recreational Purposes', '<h1>Elegant Plastic Towels</h1><img src=\'https://loremflickr.com/640/480/food?lock=5418394987790336\' alt=\'Not found\' /><br /><b>The Football Is Good For Training And Recreational Purposes</b><p>Voco cupiditate tutamen. Defetiscor ipsum truculenter articulus comes alienus alii. Adhaero succurro creator alter baiulus usus cicuta baiulus bellicus trado. Facilis accusator laborum acerbitas minima conor sordeo. Curto agnosco vulgaris confero audeo valens.</p><img src=\'https://loremflickr.com/640/480/food?lock=8775470568964096\' alt=\'Not found\' /><br /><h2>Bespoke</h2><p>Tot aspicio admiratio vaco. Aliqua caterva avaritia turpis demoror. Angelus aeneus earum spectaculum animus aro aestivus quia. Alveus demo crustulum totam subvenio adsum. Verus vulnus vulpes animi adsum comptus tollo tendo amet voveo. Vivo cruentus coniecto timidus. Casso articulus deprimo suffragium. Adsuesco audio demo abscido ater cohors canonicus titulus acsi.</p><h2>Bronze</h2><p>Vorago saepe desolo. Cerno demitto delego calculus valetudo sponte aqua celer speciosus. Eveniet verumtamen asper stultus trucido solitudo deprimo. Circumvenio cupressus acceptus nesciunt excepturi hic amiculum agnosco. Curiositas decimus uter succurro minus tardus suasoria conqueror.</p>', 793.12, 271.48, 5, 45.47, 'https://loremflickr.com/640/480/food?lock=5418394987790336,https://loremflickr.com/640/480/food?lock=1206290225299456,https://loremflickr.com/640/480/food?lock=8043349118287872,https://loremflickr.com/640/480/food?lock=6868405095235584,https://loremflickr.com/640/480/food?lock=6865831965229056,https://loremflickr.com/640/480/food?lock=2926382076133376,https://loremflickr.com/640/480/food?lock=5237563788886016,https://loremflickr.com/640/480/food?lock=5032036274274304,https://loremflickr.com/640/480/food?lock=7487982346960896', '2023-12-02 06:57:11', '2023-12-10 04:19:13', 1),
(5, 'Recycled Bronze Bike', 'The beautiful range of Apple Naturalé that has an exciting mix of natural ingredients. With the Goodness of 100% Natural Ingredients', '<h1>Recycled Bronze Bike</h1><img src=\'https://loremflickr.com/640/480/food?lock=4063995747106816\' alt=\'Not found\' /><br /><b>The beautiful range of Apple Naturalé that has an exciting mix of natural ingredients. With the Goodness of 100% Natural Ingredients</b><p>Civis tenax callide benigne solum tametsi uterque ager. Crudelis aedificium ventito ab urbanus vapulus super harum. Arbor ventito credo. Averto sonitus creber thalassinus sufficio. Recusandae centum crepusculum somnus arca bis nam auctor. Vox textor possimus utroque uberrime autem. Clam casso aurum adhaero vulticulus tibi. Tenax votum volaticus abeo culpo arbitro earum coerceo porro thema.</p><img src=\'https://loremflickr.com/640/480/food?lock=1152149790654464\' alt=\'Not found\' /><br /><h2>Licensed</h2><p>Comprehendo vir adversus cursim cito contigo comprehendo corrumpo cupio votum. Astrum versus absum. Aequus thema vulpes stella cornu id. Averto denique sequi. Conculco alveus studio. Volup quasi ars veritas caelum vilitas statua vindico vulnero. Damno currus commodo abstergo aro nobis terga acer celo ulterius. Terreo constans stipes spargo.</p><h2>Wooden</h2><p>Vos angelus universe. Ars deserunt pecus advenio vilitas degenero constans tersus ascisco alius. Arca deprecator consequatur vespillo. Verecundia aurum admitto condico debilito urbanus somnus deludo articulus. Patrocinor cenaculum verumtamen censura nihil cado desolo apud textus vulgivagus. Consequuntur auctor cohaero amiculum. Desolo cur cubo explicabo ratione defetiscor. Aureus vel cetera contigo thesis civis voluptatem tum nam. Teneo depulso adfectus tui accusantium turba vitae adeptio defungo.</p>', 104.75, 414.21, 87, 49.97, 'https://loremflickr.com/640/480/food?lock=4063995747106816,https://loremflickr.com/640/480/food?lock=3391142336921600,https://loremflickr.com/640/480/food?lock=7912450273837056,https://loremflickr.com/640/480/food?lock=5972769403568128,https://loremflickr.com/640/480/food?lock=6882145878409216,https://loremflickr.com/640/480/food?lock=2396868579426304,https://loremflickr.com/640/480/food?lock=1732836105125888', '2023-12-02 06:57:11', '2023-12-10 04:19:13', 1),
(6, 'Practical Wooden Shirt', 'The automobile layout consists of a front-engine design, with transaxle-type transmissions mounted at the rear of the engine and four wheel drive', '<h1>Practical Wooden Shirt</h1><img src=\'https://loremflickr.com/640/480/food?lock=3956056881364992\' alt=\'Not found\' /><br /><b>The automobile layout consists of a front-engine design, with transaxle-type transmissions mounted at the rear of the engine and four wheel drive</b><p>Cohibeo crux aedificium tenax conventus tibi dens adhuc centum laudantium. Curiositas conspergo sono sophismata ab absorbeo charisma soleo. Vigor fugiat ipsam quos crapula adeo attero defleo dolore articulus. Adversus astrum tametsi vix armarium coerceo vado uxor venustas tenuis. Pecus vis quod fuga coerceo beatus cinis absum.</p><img src=\'https://loremflickr.com/640/480/food?lock=975580468084736\' alt=\'Not found\' /><br /><h2>Intelligent</h2><p>Comminor caritas admoveo cui. Vis quisquam calamitas avaritia cruentus voluptas valetudo quidem sperno cubo. Conventus solitudo pecto sumptus vestrum clibanus officiis vulnero urbs. Uterque conatus damnatio adhuc pel. Voluptates acceptus debilito spectaculum deludo universe arbitro non ducimus iure. Optio supra varietas vinculum abutor tamen. Amicitia sui arcesso tergeo decimus argentum utilis varietas tracto creptio. Toties cohibeo pauci aliquam. Curvo repudiandae solium abutor balbus denego. Non aro quia ipsam totidem mollitia sortitus.</p><h2>Bronze</h2><p>Magnam acies nemo clarus volutabrum utilis delectatio. Victus vivo verumtamen turpis victus audeo ustilo. Vos cui perspiciatis copia comitatus capitulus. Timidus cui caute stipes ver statim. Triumphus colligo vita.</p>', 97.33, 598.55, 92, 63.48, 'https://loremflickr.com/640/480/food?lock=3956056881364992,https://loremflickr.com/640/480/food?lock=1715793993662464,https://loremflickr.com/640/480/food?lock=3878095608086528,https://loremflickr.com/640/480/food?lock=6796326966657024,https://loremflickr.com/640/480/food?lock=7817004884951040,https://loremflickr.com/640/480/food?lock=1633876764000256,https://loremflickr.com/640/480/food?lock=126662838583296', '2023-12-02 06:57:11', '2023-12-02 06:57:11', 1),
(7, 'Fantastic Bronze Sausages', 'The automobile layout consists of a front-engine design, with transaxle-type transmissions mounted at the rear of the engine and four wheel drive', '<h1>Fantastic Bronze Sausages</h1><img src=\'https://loremflickr.com/640/480/food?lock=8664167930134528\' alt=\'Not found\' /><br /><b>The automobile layout consists of a front-engine design, with transaxle-type transmissions mounted at the rear of the engine and four wheel drive</b><p>Sum rerum enim capto. Caelestis quidem adsuesco quod voco verto peior. Currus asper canonicus dolor omnis subseco spargo bene absconditus urbanus. Vociferor attero celebrer comprehendo abeo centum sponte succurro decens. Cavus spes commodi. Aperiam advoco quidem tyrannus amplitudo error. Speciosus civis decor tam. Conatus vallum adfero victus aetas deinde suus curso acies.</p><img src=\'https://loremflickr.com/640/480/food?lock=4387013136482304\' alt=\'Not found\' /><br /><h2>Awesome</h2><p>Vinco vetus campana annus benigne. Titulus comparo assumenda defendo suscipio. Vinitor ad crepusculum arma illo aegrotatio aegre. Compono tamdiu sono vitium strues repudiandae cimentarius alveus. Arbor tremo altus vociferor basium. Temperantia adulatio basium terreo consequatur validus altus tergiversatio condico. Velut ars valde caput caput condico caput accusamus defaeco cubitum.</p><h2>Rubber</h2><p>Sumptus vaco vicissitudo uredo. Tenax coniuratio summopere nisi amita artificiose. Terreo circumvenio inflammatio trado tres beatae ventus. Corona crudelis cilicium rem denuncio cupiditas volaticus reiciendis. Theca tego charisma ratione et tabgo. Tergeo vulpes accommodo caecus aperio. Repudiandae arceo suppellex cicuta vilicus. Velit aedificium adsidue virtus in textus utor dolor. Voluptatibus nesciunt complectus tyrannus porro utilis tergo alii. Teres circumvenio tersus comis thesis distinctio cupressus solio celer tego.</p>', 911.87, 808.65, 31, 89.37, 'https://loremflickr.com/640/480/food?lock=8664167930134528,https://loremflickr.com/640/480/food?lock=2044727895523328,https://loremflickr.com/640/480/food?lock=7803952714219520,https://loremflickr.com/640/480/food?lock=5177825912946688,https://loremflickr.com/640/480/food?lock=8872281136693248,https://loremflickr.com/640/480/food?lock=6995969809842176,https://loremflickr.com/640/480/food?lock=4010048112033792,https://loremflickr.com/640/480/food?lock=371590464274432,https://loremflickr.com/640/480/food?lock=3143667403456512,https://loremflickr.com/640/480/food?lock=5749808851582976', '2023-12-02 06:57:11', '2023-12-02 06:57:11', 1),
(8, 'Refined Soft Pizza', 'New range of formal shirts are designed keeping you in mind. With fits and styling that will make you stand apart', '<h1>Refined Soft Pizza</h1><img src=\'https://loremflickr.com/640/480/food?lock=3922223177924608\' alt=\'Not found\' /><br /><b>New range of formal shirts are designed keeping you in mind. With fits and styling that will make you stand apart</b><p>Omnis cohibeo caveo. Alienus cursus venustas amoveo creator capitulus delectus. Ancilla collum decumbo ciminatio clarus. Defetiscor accommodo armarium decor. Cattus corrupti vehemens cura charisma venia custodia.</p><img src=\'https://loremflickr.com/640/480/food?lock=1859021373964288\' alt=\'Not found\' /><br /><h2>Bespoke</h2><p>Illo stella substantia ara desino nobis aiunt theatrum dolor. Crapula desparatus concedo quidem asper curvo beatus angelus acervus tribuo. Crur vita abduco voco tollo toties. Terreo ulciscor repellendus defaeco officia odit demens solvo corpus. Candidus cimentarius depromo ubi altus centum. Dicta vigor cupiditas quos tener constans asper somniculosus veritatis.</p><h2>Plastic</h2><p>Trado strenuus delectus cur celo abbas super casus suadeo callide. Degero spes tres calamitas conturbo vacuus inventore aiunt. Tyrannus surculus libero. Cur occaecati temperantia doloremque suppono aetas sperno alioqui. Certus conservo peccatus. Error patior placeat aequitas tonsor. Cattus vapulus decretum vox ipsum. Non adamo animadverto conqueror voveo. Tunc quis aperio perspiciatis amita stabilis tantillus. Creptio ducimus textus textus.</p>', 75.86, 955.88, 17, 14.61, 'https://loremflickr.com/640/480/food?lock=3922223177924608,https://loremflickr.com/640/480/food?lock=1257285154242560,https://loremflickr.com/640/480/food?lock=7624478269898752,https://loremflickr.com/640/480/food?lock=7321867004149760,https://loremflickr.com/640/480/food?lock=1137995390386176,https://loremflickr.com/640/480/food?lock=4597866613964800', '2023-12-02 06:57:12', '2023-12-02 06:57:12', 1),
(9, 'Modern Wooden Hat', 'The Nagasaki Lander is the trademarked name of several series of Nagasaki sport bikes, that started with the 1984 ABC800J', '<h1>Modern Wooden Hat</h1><img src=\'https://loremflickr.com/640/480/food?lock=4281650233999360\' alt=\'Not found\' /><br /><b>The Nagasaki Lander is the trademarked name of several series of Nagasaki sport bikes, that started with the 1984 ABC800J</b><p>Cupressus cupiditas careo. Anser tantum anser alioqui amitto. Eos tamquam cornu caute absconditus circumvenio degenero capillus videlicet. Cavus urbs illo cubitum. Speciosus asperiores vulnero. Voluptas cursim viduo patria conscendo caput derelinquo tertius. Argentum concido patria. Spiritus validus velum conor caterva.</p><img src=\'https://loremflickr.com/640/480/food?lock=1052278194700288\' alt=\'Not found\' /><br /><h2>Awesome</h2><p>Tandem agnosco suscipit benevolentia turpis. Creator casus substantia explicabo copia. Conqueror thalassinus atavus ulciscor cometes cum amissio copiose. Cogito nihil ventosus exercitationem arcus ago asperiores supra quos. Urbs damnatio copiose temperantia.</p><h2>Granite</h2><p>Clarus creta stillicidium aestivus depromo vulpes usque caritas admoveo virga. Accusantium brevis explicabo. Convoco talis vehemens. Vel substantia adflicto triduana vinco tamen. Umerus ara porro cur.</p>', 421.46, 107.25, 7, 60.92, 'https://loremflickr.com/640/480/food?lock=4281650233999360,https://loremflickr.com/640/480/food?lock=7436564489568256,https://loremflickr.com/640/480/food?lock=2461784124424192,https://loremflickr.com/640/480/food?lock=4194343887831040,https://loremflickr.com/640/480/food?lock=4576957471653888,https://loremflickr.com/640/480/food?lock=6387620730896384,https://loremflickr.com/640/480/food?lock=2975705203736576,https://loremflickr.com/640/480/food?lock=792612850106368,https://loremflickr.com/640/480/food?lock=6620797577723904,https://loremflickr.com/640/480/food?lock=7833274789396480', '2023-12-02 06:57:12', '2023-12-02 06:57:12', 1),
(10, 'Recycled Steel Salad', 'Andy shoes are designed to keeping in mind durability as well as trends, the most stylish range of shoes & sandals', '<h1>Recycled Steel Salad</h1><img src=\'https://loremflickr.com/640/480/food?lock=4833948010020864\' alt=\'Not found\' /><br /><b>Andy shoes are designed to keeping in mind durability as well as trends, the most stylish range of shoes & sandals</b><p>Solutio uter aranea arx. Contabesco territo vapulus vix ipsam admoveo cumque sequi tergum verto. Adicio amor avarus adicio turbo defungo depulso valens. Depulso denuncio quasi ulterius substantia via altus. Curis delego solitudo vitium volva armarium aegre sulum. Asperiores benevolentia caterva tumultus vitium tametsi aer corroboro. Ullam tantum super deleniti creator aeneus conventus versus aperiam creo. Censura abduco caritas caelum.</p><img src=\'https://loremflickr.com/640/480/food?lock=8523345221910528\' alt=\'Not found\' /><br /><h2>Elegant</h2><p>Itaque ubi civis deripio nam anser certus sufficio vapulus. Somniculosus utrimque spiritus surculus vinum sustineo depopulo aspicio una crastinus. Surculus stella venio cura adfero. Celo truculenter officiis cuppedia terror cariosus ambulo vado animi ubi. Deludo laborum textor dedecor vivo optio aperio. Pecto curto validus.</p><h2>Wooden</h2><p>Titulus vomica inflammatio torrens. Dignissimos adnuo fugit vetus curso universe tamquam tricesimus. Utor desipio illo viduo unde. Taceo aut assentator vivo doloremque quasi. Sollicito aut suasoria curis suscipio curto coaegresco. Vulticulus stella tero error coniuratio abeo. Depulso ater virgo comptus tenus admitto crinis atrox tabula cariosus.</p>', 179.92, 816.77, 57, 73.06, 'https://loremflickr.com/640/480/food?lock=4833948010020864,https://loremflickr.com/640/480/food?lock=173293986381824,https://loremflickr.com/640/480/food?lock=5262270357569536,https://loremflickr.com/640/480/food?lock=4693408111132672,https://loremflickr.com/640/480/food?lock=6178403984080896,https://loremflickr.com/640/480/food?lock=5406670941323264,https://loremflickr.com/640/480/food?lock=871094680551424,https://loremflickr.com/640/480/food?lock=991121102602240', '2023-12-02 06:57:12', '2023-12-02 06:57:12', 1),
(11, 'Electronic Bronze Gloves', 'The Apollotech B340 is an affordable wireless mouse with reliable connectivity, 12 months battery life and modern design', '<h1>Electronic Bronze Gloves</h1><img src=\'https://loremflickr.com/640/480/food?lock=797695555928064\' alt=\'Not found\' /><br /><b>The Apollotech B340 is an affordable wireless mouse with reliable connectivity, 12 months battery life and modern design</b><p>Sit tollo allatus sollers tollo victoria vicissitudo. Derelinquo thorax praesentium aestivus amitto timidus patria vacuus venia tondeo. Sulum voluntarius occaecati amet curiositas tego desparatus copia tamquam cerno. Deduco consuasor vehemens statim vomer culpo verto sumo adduco. Texo pecto via baiulus neque virga utique asporto acies circumvenio. Concido civitas copia ullus credo.</p><img src=\'https://loremflickr.com/640/480/food?lock=7501748923006976\' alt=\'Not found\' /><br /><h2>Awesome</h2><p>Ambulo decor contabesco ambitus spoliatio alienus creber aeger aptus. Attollo vinco sordeo venustas termes beneficium. Desidero cohaero bellicus constans nam volo aequus. Sui vir tondeo crebro argumentum victus. Adfectus abundans cito voluntarius cariosus sodalitas.</p><h2>Frozen</h2><p>Thymum clementia ait aggredior depromo officia audax. Sursum spoliatio aureus quasi. Asperiores abscido custodia tollo vado creo alo debitis. Pecto suppono magnam alioqui magni odio velit audeo. Ad absum similique. Maiores ver acerbitas corrigo vindico. Creptio thermae venio conventus odit ea alioqui molestiae tracto. Ago abeo talis centum. Voluptatem celo coaegresco peccatus.</p>', 444.23, 274.02, 73, 57.26, 'https://loremflickr.com/640/480/food?lock=797695555928064,https://loremflickr.com/640/480/food?lock=2578654540333056,https://loremflickr.com/640/480/food?lock=5685636633722880,https://loremflickr.com/640/480/food?lock=3540336282435584,https://loremflickr.com/640/480/food?lock=5283023637446656,https://loremflickr.com/640/480/food?lock=898662787973120,https://loremflickr.com/640/480/food?lock=5134239989235712,https://loremflickr.com/640/480/food?lock=2517869621411840', '2023-12-02 06:57:12', '2023-12-02 06:57:12', 1),
(12, 'Elegant Cotton Tuna', 'The slim & simple Maple Gaming Keyboard from Dev Byte comes with a sleek body and 7- Color RGB LED Back-lighting for smart functionality', '<h1>Elegant Cotton Tuna</h1><img src=\'https://loremflickr.com/640/480/food?lock=6830748946399232\' alt=\'Not found\' /><br /><b>The slim & simple Maple Gaming Keyboard from Dev Byte comes with a sleek body and 7- Color RGB LED Back-lighting for smart functionality</b><p>Nobis ars aranea paulatim cauda uxor. Texo synagoga canis aliquam tunc ipsa torrens tenetur. Et defleo cupio teres torqueo cunabula tantum certus delego. Adflicto vis spes alveus creta creta deinde volo. Depulso vicinus confero copiose. Carpo corpus tamdiu consequatur tego. Subiungo officia balbus asper vestigium uredo spoliatio caput veritatis.</p><img src=\'https://loremflickr.com/640/480/food?lock=109150598070272\' alt=\'Not found\' /><br /><h2>Tasty</h2><p>Coniecto argentum trans. Eveniet dens sursum voluntarius. Auctor urbanus deripio thermae suasoria sollers arguo carbo infit. Soluta acervus despecto temperantia demergo asperiores alo adversus deputo consequuntur. Atrox eum tamdiu tardus aegrus ceno aeternus bis minus. Ver accommodo degero somniculosus crastinus odit sophismata voluptas quis. Ea condico curia aliquam communis debilito contabesco summopere curso.</p><h2>Concrete</h2><p>Denique aegrus campana absens derelinquo consequuntur tepesco accommodo vigor volva. Charisma combibo patrocinor hic articulus degenero. Cupiditate conor ubi valeo. Bestia tolero cupio odio delectus deleniti. Summisse nihil argentum aeneus.</p>', 572.55, 202.57, 26, 13.3, 'https://loremflickr.com/640/480/food?lock=6830748946399232,https://loremflickr.com/640/480/food?lock=6506057570451456,https://loremflickr.com/640/480/food?lock=7977855340249088,https://loremflickr.com/640/480/food?lock=5158103561535488,https://loremflickr.com/640/480/food?lock=7112347613134848,https://loremflickr.com/640/480/food?lock=1716870317080576', '2023-12-02 06:57:12', '2023-12-02 06:57:12', 1),
(13, 'Rustic Cotton Table', 'The slim & simple Maple Gaming Keyboard from Dev Byte comes with a sleek body and 7- Color RGB LED Back-lighting for smart functionality', '<h1>Rustic Cotton Table</h1><img src=\'https://loremflickr.com/640/480/food?lock=4356154245251072\' alt=\'Not found\' /><br /><b>The slim & simple Maple Gaming Keyboard from Dev Byte comes with a sleek body and 7- Color RGB LED Back-lighting for smart functionality</b><p>Cibo repellendus pauper aliquid quaerat fugit commodi strenuus. Vespillo utpote vestrum curvo demonstro sollers aro testimonium. Velociter cupressus voveo suasoria accusamus vilicus assumenda basium delibero veniam. Eos degusto voluptatibus tristis rerum aestivus quisquam perspiciatis ancilla. Dignissimos decimus conqueror calamitas adstringo terebro solus. Asper cometes tergo vulticulus. Cunae auxilium alienus sit atqui sustineo vito vulgaris abundans animus. Quam admoneo consectetur commemoro agnitio aggero.</p><img src=\'https://loremflickr.com/640/480/food?lock=3189061929926656\' alt=\'Not found\' /><br /><h2>Tasty</h2><p>Attero animadverto triumphus tactus aro aro cornu annus. Pax confero ullam peior. Laborum cogito altus certus aurum cunctatio vereor advenio trado adhuc. Templum adduco thalassinus. Theca cimentarius quis tendo arcesso. Summopere conculco adsuesco compono terga auctus amitto uxor perspiciatis. Delicate modi timidus coaegresco tutis. Infit peccatus accedo conor sponte cubitum terreo eaque a conor.</p><h2>Cotton</h2><p>Adfero vesper sulum amicitia expedita. Conservo cetera cotidie solvo vero color cogito. Sumptus eius voluptas conforto quo uxor terror cui collum veniam. Supellex accedo aveho ipsum carbo cogo cubicularis. Creator cruentus velociter certe uterque alo cedo allatus pauper. Fuga quasi maxime adaugeo. Creo cotidie consequuntur. Subiungo dolorem dolor annus tego vereor vulgus claustrum veritatis demergo. Adimpleo vociferor nostrum solvo.</p>', 129.22, 831.07, 91, 38.74, 'https://loremflickr.com/640/480/food?lock=4356154245251072,https://loremflickr.com/640/480/food?lock=2565672248803328,https://loremflickr.com/640/480/food?lock=6732983797022720,https://loremflickr.com/640/480/food?lock=6850456055709696,https://loremflickr.com/640/480/food?lock=7430996418887680,https://loremflickr.com/640/480/food?lock=5374093981384704,https://loremflickr.com/640/480/food?lock=2558321477287936,https://loremflickr.com/640/480/food?lock=1718810365132800', '2023-12-02 06:57:12', '2023-12-02 06:57:12', 1),
(14, 'Gorgeous Wooden Soap', 'Ergonomic executive chair upholstered in bonded black leather and PVC padded seat and back for all-day comfort and support', '<h1>Gorgeous Wooden Soap</h1><img src=\'https://loremflickr.com/640/480/food?lock=1023601272684544\' alt=\'Not found\' /><br /><b>Ergonomic executive chair upholstered in bonded black leather and PVC padded seat and back for all-day comfort and support</b><p>Tubineus avaritia vix accusamus. Vacuus pariatur carmen crustulum bellicus amoveo. Sopor speculum culpo sponte curtus quasi tutamen excepturi cohaero. Adipiscor toties cunctatio aptus talio arbor aequitas. Causa undique voveo cui defleo. Turbo cotidie uterque usque agnosco aliquam deficio. Neque depraedor nobis volo accendo amplexus totidem stillicidium alter conor.</p><img src=\'https://loremflickr.com/640/480/food?lock=967696984309760\' alt=\'Not found\' /><br /><h2>Incredible</h2><p>Verto vigor aer veniam. Cohibeo uberrime adopto cunae. Surgo suspendo ducimus consuasor vulticulus beatus. Suscipit capto temeritas sortitus terminatio dapifer utrum. Blanditiis tardus tabgo adduco talis aequitas rerum valens coruscus taceo. Ascisco denego arbitro tertius defessus tempore.</p><h2>Metal</h2><p>Expedita bestia amissio. Blandior reiciendis velum. Cavus conatus pax tenetur ara demum tempus caries. Pecco at concedo tempore decimus convoco barba. Usitas addo tenus civis cupiditate corrigo calco culpa arca tantillus. Adsum taceo auditor solus cum curso auctus adulescens neque. Dignissimos error doloribus adsidue carpo clamo venustas aperiam atrocitas. Et verecundia claustrum verbera vaco. Theatrum administratio arto crapula blanditiis.</p>', 843.05, 694.56, 97, 47.05, 'https://loremflickr.com/640/480/food?lock=1023601272684544,https://loremflickr.com/640/480/food?lock=2356419626008576,https://loremflickr.com/640/480/food?lock=1631330815180800,https://loremflickr.com/640/480/food?lock=6107473991696384,https://loremflickr.com/640/480/food?lock=3043969749483520,https://loremflickr.com/640/480/food?lock=8541398898835456', '2023-12-02 06:57:13', '2023-12-02 06:57:13', 1),
(15, 'Handmade Rubber Hat', 'The Football Is Good For Training And Recreational Purposes', '<h1>Handmade Rubber Hat</h1><img src=\'https://loremflickr.com/640/480/food?lock=8353697727774720\' alt=\'Not found\' /><br /><b>The Football Is Good For Training And Recreational Purposes</b><p>Theologus alo speculum voluptas tracto defero decimus blandior. Conatus tametsi summa somnus tibi derideo coruscus curo. Curriculum conforto defleo desolo adhaero. Angulus considero numquam celo balbus. Atrocitas vesper statim cerno defessus asporto. Aestivus aureus crastinus toties canto sollicito libero ustulo arceo. Aequus validus animi abscido verecundia vicinus curia basium. Despecto coruscus arcesso. Amor tamisium acceptus. Vinculum dolorem vomito calamitas carus deleo quae in cohors.</p><img src=\'https://loremflickr.com/640/480/food?lock=5268720511352832\' alt=\'Not found\' /><br /><h2>Practical</h2><p>Ancilla ambulo terminatio abbas super chirographum inflammatio cras spiculum admoveo. In cresco amiculum copiose quia tolero laborum approbo error quasi. Quidem causa arx copia. Ascisco trado sumo tristis cui. Talio harum traho tantum. Culpa aspernatur pauci molestias sopor. Allatus animadverto sursum campana crinis urbs. Carcer bis administratio balbus inventore virgo alioqui sublime cetera tutis. Bardus similique avaritia bene vae decet vinculum corpus. A demoror distinctio dignissimos.</p><h2>Steel</h2><p>Desparatus calamitas decet quia creator. Demum ustulo aequus delectatio deripio adsum verbum. Tempus tribuo arcesso amita ustilo altus demens paens perspiciatis. Victoria amplitudo assumenda volubilis eaque adficio curto trepide clarus. Una canis adopto peccatus necessitatibus conforto speculum vulgivagus agnosco.</p>', 502.77, 920.58, 91, 11.71, 'https://loremflickr.com/640/480/food?lock=8353697727774720,https://loremflickr.com/640/480/food?lock=8942872007016448,https://loremflickr.com/640/480/food?lock=3823473071751168,https://loremflickr.com/640/480/food?lock=8652827995930624', '2023-12-02 06:57:13', '2023-12-02 06:57:13', 1),
(16, 'Incredible Fresh Shirt', 'New range of formal shirts are designed keeping you in mind. With fits and styling that will make you stand apart', '<h1>Incredible Fresh Shirt</h1><img src=\'https://loremflickr.com/640/480/food?lock=5020575361662976\' alt=\'Not found\' /><br /><b>New range of formal shirts are designed keeping you in mind. With fits and styling that will make you stand apart</b><p>Suspendo cunabula adfero aperiam. Vulgus animus abundans constans ratione caste tantum. Agnitio verbum aequitas soluta. Conforto aureus custodia bonus eligendi inventore tonsor dolor tonsor earum. Decor comminor stabilis thermae cupio virtus aveho speculum minus. Quasi atque timor voveo trans sollicito combibo tamquam. Comitatus vos valde contigo suasoria vaco benigne excepturi.</p><img src=\'https://loremflickr.com/640/480/food?lock=8394272885702656\' alt=\'Not found\' /><br /><h2>Gorgeous</h2><p>Attero tam rerum curto despecto ait tero delicate. Voluptatibus assumenda uberrime tergeo ustilo dolores velum thesis tutis. Suppellex thema aetas abutor supra taedium conscendo. Confugo uberrime vitae utrimque summopere. Stabilis absum vox demum cum subseco casus acsi ubi ea. Communis correptius charisma cupiditate. Deduco acidus libero tenetur cruentus cauda. Bellum vapulus celo catena dens desino pecus tenus. Clarus conitor depromo voluntarius volaticus stella tibi vicissitudo sit abduco. Debeo collum administratio.</p><h2>Frozen</h2><p>A vallum tantillus vitiosus copiose deinde. Creptio abscido capillus xiphias vociferor appositus despecto contigo. Administratio unus ventito amplus conspergo avaritia pax. Tempore tabernus acsi. Illum peior adficio curis viscus theologus. Adamo stips labore tot decens speculum.</p>', 179.59, 755.97, 10, 31.99, 'https://loremflickr.com/640/480/food?lock=5020575361662976,https://loremflickr.com/640/480/food?lock=2687608855461888,https://loremflickr.com/640/480/food?lock=3410272662323200,https://loremflickr.com/640/480/food?lock=3777444469276672,https://loremflickr.com/640/480/food?lock=3132408626937856', '2023-12-02 06:57:13', '2023-12-02 06:57:13', 1),
(17, 'Gorgeous Cotton Pants', 'New ABC 13 9370, 13.3, 5th Gen CoreA5-8250U, 8GB RAM, 256GB SSD, power UHD Graphics, OS 10 Home, OS Office A & J 2016', '<h1>Gorgeous Cotton Pants</h1><img src=\'https://loremflickr.com/640/480/food?lock=1506848041598976\' alt=\'Not found\' /><br /><b>New ABC 13 9370, 13.3, 5th Gen CoreA5-8250U, 8GB RAM, 256GB SSD, power UHD Graphics, OS 10 Home, OS Office A & J 2016</b><p>Amitto supplanto ceno vindico studio dapifer demens vestigium. Compello iure acquiro decretum vetus sui cervus. Sub ventus eum ventus degero ceno sub certus minus sonitus. Conscendo admiratio quia. Bos custodia corpus. Verbum vilis centum. Vapulus virtus tego.</p><img src=\'https://loremflickr.com/640/480/food?lock=6006079026626560\' alt=\'Not found\' /><br /><h2>Practical</h2><p>Admitto vetus veritas careo virtus cimentarius. Cetera vociferor caterva creator degero vero censura coniecto. Adicio constans deleo vallum stabilis. Tametsi uterque demens trucido voluptatum. Balbus trans defaeco arca. Decet denego auxilium stabilis aestus.</p><h2>Bronze</h2><p>Debilito depereo consectetur taedium tam totus adicio cunctatio ventus consectetur. Tabula coerceo tergiversatio amo teneo absorbeo quia sursum pel derelinquo. Theologus desidero aduro acsi aetas adaugeo ocer cogo coniecto. Assumenda centum aetas bibo veniam. Depraedor audeo stultus armarium. Suppono attollo adopto teneo compono cruciamentum tero soluta. Desino advoco consectetur decens credo pecus audeo.</p>', 304.78, 210.57, 7, 25.93, 'https://loremflickr.com/640/480/food?lock=1506848041598976,https://loremflickr.com/640/480/food?lock=8731097793822720,https://loremflickr.com/640/480/food?lock=7682123381080064,https://loremflickr.com/640/480/food?lock=994550187294720,https://loremflickr.com/640/480/food?lock=8573851061452800,https://loremflickr.com/640/480/food?lock=467325113335808,https://loremflickr.com/640/480/food?lock=8838762716987392,https://loremflickr.com/640/480/food?lock=8621826743730176,https://loremflickr.com/640/480/food?lock=8989169000906752', '2023-12-02 06:57:13', '2023-12-02 06:57:13', 1),
(18, 'Incredible Granite Gloves', 'The beautiful range of Apple Naturalé that has an exciting mix of natural ingredients. With the Goodness of 100% Natural Ingredients', '<h1>Incredible Granite Gloves</h1><img src=\'https://loremflickr.com/640/480/food?lock=4662352861462528\' alt=\'Not found\' /><br /><b>The beautiful range of Apple Naturalé that has an exciting mix of natural ingredients. With the Goodness of 100% Natural Ingredients</b><p>Natus annus tutamen aptus recusandae. Suppono ater aperio tabesco sub. Viscus tamdiu timidus pauper tamdiu stella. Cum similique volubilis defleo virtus. Speciosus alienus degero teneo aegrus blanditiis.</p><img src=\'https://loremflickr.com/640/480/food?lock=3638058597482496\' alt=\'Not found\' /><br /><h2>Incredible</h2><p>Curriculum timor aegrotatio blandior aliquid administratio adulatio tripudio basium vobis. Vespillo ventosus pel desipio nihil. Vita asperiores accendo cunae benigne consuasor advenio. Debeo villa vis excepturi amaritudo praesentium calco subseco causa. Aranea colo ipsam.</p><h2>Frozen</h2><p>Taedium defluo cultura magnam. Calamitas subito arbitro conspergo utroque. Bellum quo deinde defaeco clam. Textus tredecim textus ea vero. Cui via deleo.</p>', 843.67, 460.79, 89, 64.28, 'https://loremflickr.com/640/480/food?lock=4662352861462528,https://loremflickr.com/640/480/food?lock=5380961468416000,https://loremflickr.com/640/480/food?lock=6376025101434880,https://loremflickr.com/640/480/food?lock=2586745233211392,https://loremflickr.com/640/480/food?lock=3966242643771392,https://loremflickr.com/640/480/food?lock=1338575215919104', '2023-12-02 06:57:13', '2023-12-02 06:57:13', 1),
(19, 'Intelligent Plastic Bike', 'Carbonite web goalkeeper gloves are ergonomically designed to give easy fit', '<h1>Intelligent Plastic Bike</h1><img src=\'https://loremflickr.com/640/480/food?lock=2001427954139136\' alt=\'Not found\' /><br /><b>Carbonite web goalkeeper gloves are ergonomically designed to give easy fit</b><p>Utrum bestia thymum taedium appello solio. Vulticulus in comminor bellicus coepi eum. Desidero caelum dolores tantillus vulariter cupio. Facere appositus cunctatio temptatio despecto antepono velit. Vester veniam aer aestus crur.</p><img src=\'https://loremflickr.com/640/480/food?lock=3522168329601024\' alt=\'Not found\' /><br /><h2>Licensed</h2><p>Patrocinor tero vetus vesper. Cupiditas attero acerbitas defleo. Solum aptus bos curvo dolorem creator beatus suscipio. Decerno deludo beatae a acerbitas patria angelus. Adulescens patior iste. Spiculum quia dedico. Sustineo sodalitas statua appello ullus tempora provident.</p><h2>Concrete</h2><p>Placeat constans atqui. Recusandae tollo accommodo impedit cupio. Adeo thema cornu antiquus adficio curiositas adsidue caritas ciminatio. Ambulo teres teres ullam eligendi decipio suffoco aestivus. Angulus molestiae terminatio cibo utrum tergeo tempus terga anser auxilium. Sordeo maxime cupio abundans vorago damno armarium minus aeger. Aer ipsam territo animi cunabula dolor. Traho arcesso vox umbra ad voluptas quisquam sit. Compello thymum aeternus accommodo.</p>', 919.33, 715.46, 12, 63.1, 'https://loremflickr.com/640/480/food?lock=2001427954139136,https://loremflickr.com/640/480/food?lock=3958570202693632,https://loremflickr.com/640/480/food?lock=4881423381037056,https://loremflickr.com/640/480/food?lock=662707969720320,https://loremflickr.com/640/480/food?lock=5195416593235968', '2023-12-02 06:57:13', '2023-12-02 06:57:13', 1),
(20, 'Incredible Steel Bike', 'New range of formal shirts are designed keeping you in mind. With fits and styling that will make you stand apart', '<h1>Incredible Steel Bike</h1><img src=\'https://loremflickr.com/640/480/food?lock=4272315588149248\' alt=\'Not found\' /><br /><b>New range of formal shirts are designed keeping you in mind. With fits and styling that will make you stand apart</b><p>Vulnero provident auditor provident tergeo. Bardus subito amiculum voro ascit alo. Bibo asporto addo adicio censura sui velociter alveus complectus. Acsi vicinus alius vesper. Pectus asperiores compello repudiandae odit tripudio vero vicissitudo adversus coniuratio. Aeneus condico cenaculum sequi titulus dolores admoveo curis. Admiratio illum varietas vulpes hic ancilla reiciendis. Beneficium suspendo agnitio incidunt mollitia suus. Tripudio ducimus casso thymum bellicus cultellus beatae stillicidium constans sunt.</p><img src=\'https://loremflickr.com/640/480/food?lock=786212967153664\' alt=\'Not found\' /><br /><h2>Unbranded</h2><p>Verto repudiandae quaerat torrens. Cognatus callide tutis. Quae odit damno pecco annus ventosus angustus uxor. Apud depromo officia vorago terminatio deserunt ventito. Chirographum facere provident apparatus admoveo confido patior. Sequi capitulus crastinus ex maiores arcesso virgo comitatus apostolus. Utique adsidue bonus ad vigor crepusculum adsidue agnitio. Ustilo venustas est tempore uredo.</p><h2>Bronze</h2><p>Ubi viscus demo tam conservo tumultus distinctio tunc. Quod corrumpo sapiente summisse. Adicio celer virga trans timor nulla vesica sed. Tyrannus substantia stips defessus calamitas dignissimos caritas culpo. Vinculum distinctio aggredior sed vulgaris excepturi antepono nam.</p>', 906.87, 52.76, 86, 29.9, 'https://loremflickr.com/640/480/food?lock=4272315588149248,https://loremflickr.com/640/480/food?lock=530173275406336,https://loremflickr.com/640/480/food?lock=5157995679842304,https://loremflickr.com/640/480/food?lock=8750738264031232,https://loremflickr.com/640/480/food?lock=6629852188770304,https://loremflickr.com/640/480/food?lock=543677757784064,https://loremflickr.com/640/480/food?lock=2195541001764864,https://loremflickr.com/640/480/food?lock=8751357523656704,https://loremflickr.com/640/480/food?lock=5144305148624896,https://loremflickr.com/640/480/food?lock=670923233427456', '2023-12-02 06:57:14', '2023-12-02 06:57:14', 1),
(21, 'Fantastic Fresh Car', 'The Football Is Good For Training And Recreational Purposes', '<h1>Fantastic Fresh Car</h1><img src=\'https://loremflickr.com/640/480/food?lock=6639008232767488\' alt=\'Not found\' /><br /><b>The Football Is Good For Training And Recreational Purposes</b><p>Labore nulla territo apud. Alii vado tero comptus in. Cupiditate cognatus clibanus incidunt. Quam sub accusator adopto creo undique conatus titulus. Vinum nam voluptatem reprehenderit vivo calculus studio theca desino despecto. Desparatus sopor uredo. Blandior sulum tego aeneus angelus vinitor aveho.</p><img src=\'https://loremflickr.com/640/480/food?lock=3346900667334656\' alt=\'Not found\' /><br /><h2>Refined</h2><p>Sol decretum omnis deficio alioqui commodo statua addo. Aestus audio urbanus ustulo perferendis. Cunae explicabo conservo celer deserunt desidero. Sed volva vergo. Consequuntur sponte tametsi pecto decet sustineo corroboro suspendo theca.</p><h2>Metal</h2><p>Vulticulus tremo sollicito amissio laborum vulariter. Quod vomica sopor amicitia vae despecto et excepturi. Eligendi sustineo suscipit cupressus tantillus cauda unus. Trado depono umerus nulla. Substantia adulescens turbo atrocitas tenus sono temeritas torqueo.</p>', 662.26, 515.2, 68, 64.88, 'https://loremflickr.com/640/480/food?lock=6639008232767488,https://loremflickr.com/640/480/food?lock=2568604428009472,https://loremflickr.com/640/480/food?lock=4440621907443712,https://loremflickr.com/640/480/food?lock=8758276403494912,https://loremflickr.com/640/480/food?lock=4940983313629184', '2023-12-02 06:57:14', '2023-12-02 06:57:14', 1),
(22, 'Ergonomic Soft Ball', 'Ergonomic executive chair upholstered in bonded black leather and PVC padded seat and back for all-day comfort and support', '<h1>Ergonomic Soft Ball</h1><img src=\'https://loremflickr.com/640/480/food?lock=8635855440707584\' alt=\'Not found\' /><br /><b>Ergonomic executive chair upholstered in bonded black leather and PVC padded seat and back for all-day comfort and support</b><p>Correptius validus vulnus audio amet facilis amet votum decumbo rerum. Umquam sonitus culpa carmen. Tredecim tardus astrum cohaero. Tot administratio tunc venustas admitto animus urbanus solvo. Curiositas cohors animi demoror vomer caput. Claustrum voluptates clarus eaque ater coadunatio strues suasoria demum aggredior. Solus asper cuius vesica error. Spiculum sui subito ater caelum.</p><img src=\'https://loremflickr.com/640/480/food?lock=404411702575104\' alt=\'Not found\' /><br /><h2>Rustic</h2><p>Suffoco toties uberrime adiuvo traho facilis ascit atrocitas tergum. Curia argentum stipes substantia aspicio valens adinventitias. Damno alter ventus cohaero vito ducimus degero. Tepidus sodalitas calamitas tondeo debitis coerceo minima. Adfectus vestigium vulticulus cubo asperiores optio.</p><h2>Granite</h2><p>Aeger laboriosam consequuntur vilitas volo illo corona administratio umbra excepturi. Solium aeternus paens commodo demulceo. Quaerat nihil tibi cultellus. Audacia umquam sumo crustulum soluta quae abundans eaque arbitro. Defetiscor vis virgo aspicio sub. Adaugeo utpote cunae molestiae tabernus admoneo ante.</p>', 456.3, 377.76, 62, 51.26, 'https://loremflickr.com/640/480/food?lock=8635855440707584,https://loremflickr.com/640/480/food?lock=881710789033984,https://loremflickr.com/640/480/food?lock=1638644416774144,https://loremflickr.com/640/480/food?lock=2027668119748608,https://loremflickr.com/640/480/food?lock=4317194169090048', '2023-12-02 06:57:14', '2023-12-02 06:57:14', 1),
(23, 'Incredible Cotton Ball', 'Boston\'s most advanced compression wear technology increases muscle oxygenation, stabilizes active muscles', '<h1>Incredible Cotton Ball</h1><img src=\'https://loremflickr.com/640/480/food?lock=4258164973240320\' alt=\'Not found\' /><br /><b>Boston\'s most advanced compression wear technology increases muscle oxygenation, stabilizes active muscles</b><p>Vitiosus amicitia cunabula quisquam aliqua. Esse conqueror cattus aggero magnam architecto mollitia. Vereor cedo tribuo crebro volaticus ullam. Aureus atrox coadunatio vinitor territo tabernus amplus administratio sursum. Consequatur vindico cubicularis cedo comparo trucido solutio ut. Audentia peior acerbitas suscipio vita abduco auxilium colo arma. Nemo odit fugiat careo universe ventito charisma super voluptatibus urbs. Theologus peior utique vitiosus molestias calculus nihil. Modi sufficio conspergo solvo aedificium acer. Quod crebro venustas ustulo enim.</p><img src=\'https://loremflickr.com/640/480/food?lock=6790264077156352\' alt=\'Not found\' /><br /><h2>Bespoke</h2><p>Acer temporibus temperantia asperiores thesaurus. Crustulum combibo quis velum pax considero alias corona. Tolero doloremque asperiores solutio cibus copia. Venio tabella civis. Occaecati denuo denego defaeco curriculum. Appositus deserunt clamo. Coma deprecator cibus nihil minima. Aetas arto utrimque. Delectatio bene maxime solio patior adeo trucido.</p><h2>Plastic</h2><p>Textus adsuesco trans usus odio veritas veritatis bardus vir conculco. Contra concedo solium toties animadverto talis supra colligo sto vinitor. Comes circumvenio textus corona arcesso vetus sortitus. Stella solio tribuo. Celo vix calculus centum valetudo. Tubineus corona commodo delectatio ea defero cresco utroque contego.</p>', 297.58, 108.52, 52, 14.24, 'https://loremflickr.com/640/480/food?lock=4258164973240320,https://loremflickr.com/640/480/food?lock=8100073168699392,https://loremflickr.com/640/480/food?lock=6687480193482752,https://loremflickr.com/640/480/food?lock=6654488974721024,https://loremflickr.com/640/480/food?lock=7265629096640512,https://loremflickr.com/640/480/food?lock=1638151355367424,https://loremflickr.com/640/480/food?lock=8076579133456384,https://loremflickr.com/640/480/food?lock=6654196436697088,https://loremflickr.com/640/480/food?lock=7478683826651136,https://loremflickr.com/640/480/food?lock=8840177503961088', '2023-12-02 06:57:14', '2023-12-02 06:57:14', 1);
INSERT INTO `Products` (`id`, `name`, `short_description`, `long_description`, `real_price`, `sale_price`, `stock`, `weight`, `images`, `createdAt`, `updatedAt`, `user_id`) VALUES
(24, 'Unbranded Fresh Shoes', 'Boston\'s most advanced compression wear technology increases muscle oxygenation, stabilizes active muscles', '<h1>Unbranded Fresh Shoes</h1><img src=\'https://loremflickr.com/640/480/food?lock=1821791888605184\' alt=\'Not found\' /><br /><b>Boston\'s most advanced compression wear technology increases muscle oxygenation, stabilizes active muscles</b><p>Substantia cetera defendo sopor tabesco currus despecto. Timor peior blanditiis. Tardus combibo virtus impedit defendo eius nisi ipsum defendo. Porro tabgo coniuratio certus. Crudelis coniuratio absconditus amplitudo denique tribuo. Sapiente abstergo theologus curvo cogo toties nobis impedit. Sed corrupti aranea tumultus. Comprehendo abduco quidem natus vesica suppono cenaculum aestus acidus commodo.</p><img src=\'https://loremflickr.com/640/480/food?lock=4136201971826688\' alt=\'Not found\' /><br /><h2>Luxurious</h2><p>Utor sonitus aestas temptatio spes ventus celer. Conscendo sonitus suspendo libero culpa desolo subiungo thermae. Suspendo adstringo desolo sopor amicitia deleniti autus caritas baiulus. Acer approbo comptus voluptatem adhaero impedit tubineus. Coruscus alienus thermae cervus. Attero non crux vilis texo advoco vinum. A comptus animus succurro soluta acer cubitum. Repellat defero maxime commemoro vilitas vesica.</p><h2>Soft</h2><p>Volutabrum avaritia attonbitus consequatur synagoga cervus depereo aveho adaugeo. Statim tum verbera defendo atavus sollicito tui. Viriliter absens caritas delego tametsi fuga adsum demum. Temporibus dedecor crustulum conqueror deduco comes conitor spiritus voveo doloremque. Debitis reprehenderit temeritas bardus tertius. Brevis qui hic deripio infit audio utrum arca. Bellicus universe crinis coaegresco volo substantia creator aeternus denique.</p>', 983.95, 425.7, 40, 58.27, 'https://loremflickr.com/640/480/food?lock=1821791888605184,https://loremflickr.com/640/480/food?lock=2457652363788288,https://loremflickr.com/640/480/food?lock=4679131136524288,https://loremflickr.com/640/480/food?lock=8816957545512960', '2023-12-02 06:57:14', '2023-12-02 06:57:14', 1),
(25, 'Oriental Wooden Tuna', 'Carbonite web goalkeeper gloves are ergonomically designed to give easy fit', '<h1>Oriental Wooden Tuna</h1><img src=\'https://loremflickr.com/640/480/food?lock=5880773353668608\' alt=\'Not found\' /><br /><b>Carbonite web goalkeeper gloves are ergonomically designed to give easy fit</b><p>Depereo fugit conscendo demum consectetur ut. Provident denique numquam strues celo abutor ullus acer. Valeo ullam aufero casso suggero uredo suppellex. Taceo demens acerbitas blandior caput. Volutabrum sint vicinus summopere defluo caput curriculum adamo vorago speculum. Tonsor sollicito comburo deludo.</p><img src=\'https://loremflickr.com/640/480/food?lock=1263567552643072\' alt=\'Not found\' /><br /><h2>Rustic</h2><p>Defero tremo defendo tonsor adsuesco fuga apparatus censura. Adipisci alo nihil unus spargo. Suscipio tempore celebrer casus tametsi. Accusamus sumo alo. Contra curiositas valetudo tam aspernatur ait acsi enim. Synagoga vinculum sopor uredo thymum repellat callide. Deporto ascit ulciscor comedo ipsum. Crinis corrupti annus cumque conor patior nobis contigo adhaero. Conventus collum maiores somniculosus sol repellendus coniecto thymum vesica vero. Spes caelum cursus.</p><h2>Plastic</h2><p>Cometes derideo vacuus supra cauda. Cursus quasi calco esse. Cilicium vivo vicissitudo demulceo vorax patior cavus alter. Spiculum excepturi vinculum balbus arca defluo caste contego urbanus torqueo. Adaugeo decerno decumbo denuncio dedecor dolorum sollicito asporto sumptus. Amet aggero anser deleniti tandem. Cognatus quibusdam adduco pectus depono verbera. Dolores consequatur spoliatio.</p>', 762.4, 951.09, 27, 38.53, 'https://loremflickr.com/640/480/food?lock=5880773353668608,https://loremflickr.com/640/480/food?lock=835861035876352,https://loremflickr.com/640/480/food?lock=5568794011369472,https://loremflickr.com/640/480/food?lock=1069298112004096,https://loremflickr.com/640/480/food?lock=2882227016826880,https://loremflickr.com/640/480/food?lock=8135450059341824', '2023-12-02 06:57:14', '2023-12-02 06:57:15', 1),
(26, 'Rustic Concrete Mouse', 'New ABC 13 9370, 13.3, 5th Gen CoreA5-8250U, 8GB RAM, 256GB SSD, power UHD Graphics, OS 10 Home, OS Office A & J 2016', '<h1>Rustic Concrete Mouse</h1><img src=\'https://loremflickr.com/640/480/food?lock=1598044562784256\' alt=\'Not found\' /><br /><b>New ABC 13 9370, 13.3, 5th Gen CoreA5-8250U, 8GB RAM, 256GB SSD, power UHD Graphics, OS 10 Home, OS Office A & J 2016</b><p>Cometes talis acies vulgivagus textilis voro vapulus comburo. Deripio autem talio ducimus truculenter collum aer. Tergum absque alienus audio. Earum temeritas undique solum comitatus. Vado clementia attonbitus theca pel defendo suscipio infit amet subiungo. Sol tot aranea. Adduco credo terminatio aestus umerus curis earum desolo abutor summisse. Volaticus turba laboriosam una conforto minima deludo cetera ducimus. Conatus thymum repellendus attero apud.</p><img src=\'https://loremflickr.com/640/480/food?lock=6587466924425216\' alt=\'Not found\' /><br /><h2>Handcrafted</h2><p>Ultra vis utrum suggero. Quis angustus synagoga alioqui uter patior cresco casus cognatus. Architecto adsum templum trado virga. Aestivus reiciendis curriculum apto cohaero compono cedo ducimus sonitus. Tres substantia titulus quae contego vita praesentium. Baiulus ab talis ustulo. Tempore pariatur aeneus est dolorem ascisco dignissimos dignissimos centum speculum. Audeo uredo theca undique bos aduro.</p><h2>Steel</h2><p>Creber cornu casso tabella dedico circumvenio eos. Conor illum claustrum patria vulariter coaegresco vomer. Pecto laborum spoliatio cotidie derideo trucido earum stultus coepi nobis. Solio tripudio acer adimpleo subito a ustulo voco. Voluptatem tristis trado versus contigo corona brevis explicabo incidunt circumvenio. Speculum conventus correptius trado socius video tolero. Quia adimpleo adeo debitis. Ter solutio ullus careo caritas tracto tredecim demonstro.</p>', 431.1, 838.09, 90, 60.99, 'https://loremflickr.com/640/480/food?lock=1598044562784256,https://loremflickr.com/640/480/food?lock=7009503849480192,https://loremflickr.com/640/480/food?lock=6949771155603456,https://loremflickr.com/640/480/food?lock=4535172110221312,https://loremflickr.com/640/480/food?lock=3042701083672576,https://loremflickr.com/640/480/food?lock=6135113628778496,https://loremflickr.com/640/480/food?lock=6161237318565888,https://loremflickr.com/640/480/food?lock=2116849764401152,https://loremflickr.com/640/480/food?lock=6070100167753728,https://loremflickr.com/640/480/food?lock=8662418316066816', '2023-12-02 06:57:15', '2023-12-02 06:57:15', 1),
(27, 'Rustic Granite Salad', 'New range of formal shirts are designed keeping you in mind. With fits and styling that will make you stand apart', '<h1>Rustic Granite Salad</h1><img src=\'https://loremflickr.com/640/480/food?lock=7801585082040320\' alt=\'Not found\' /><br /><b>New range of formal shirts are designed keeping you in mind. With fits and styling that will make you stand apart</b><p>Uberrime aduro culpa cupiditas aperio quas valde solio sol corona. Venustas viridis decimus tactus timor qui conforto ubi. Aranea casus speculum socius attero terror deludo comprehendo spiculum. Patior deorsum desparatus combibo stultus cilicium tamdiu avaritia vinco cohibeo. Armarium curvo desino tonsor concido eius aqua vitiosus articulus aestivus. Amo carpo theca vetus terra usitas deorsum vapulus. Texo beatae super. Supellex ex demitto cribro demergo. Temptatio condico vetus beatus surculus soleo ullam carus. Voveo crinis cotidie adicio odit argumentum decretum attonbitus.</p><img src=\'https://loremflickr.com/640/480/food?lock=7163850545692672\' alt=\'Not found\' /><br /><h2>Bespoke</h2><p>Alius adipiscor cupressus clamo appono. Cruentus asperiores adduco demoror bestia. Villa adfectus coniuratio. Arguo conatus coruscus bibo. Surculus undique defessus soluta. Territo sequi decet causa aqua acquiro peior apostolus adflicto cruentus.</p><h2>Plastic</h2><p>Delectatio tertius adaugeo tunc. Delinquo summopere vinitor delicate decipio terga acidus curia spoliatio. Acceptus demergo calculus succurro adsum thymum depraedor valde sollicito viridis. Desipio a virga. Vulpes tabernus acidus vomito. Laudantium suadeo excepturi laudantium defluo astrum velit. Impedit cursus aetas suus beatus tubineus adduco caelestis sursum. Vae crur bis stabilis defendo. Qui nesciunt defessus teneo.</p>', 673.31, 518.98, 94, 22.96, 'https://loremflickr.com/640/480/food?lock=7801585082040320,https://loremflickr.com/640/480/food?lock=1056979288064000,https://loremflickr.com/640/480/food?lock=1599386203193344,https://loremflickr.com/640/480/food?lock=6035330132082688,https://loremflickr.com/640/480/food?lock=251818298834944,https://loremflickr.com/640/480/food?lock=7389130134650880,https://loremflickr.com/640/480/food?lock=1491715756130304', '2023-12-02 06:57:15', '2023-12-02 06:57:15', 1),
(28, 'Handmade Frozen Mouse', 'Boston\'s most advanced compression wear technology increases muscle oxygenation, stabilizes active muscles', '<h1>Handmade Frozen Mouse</h1><img src=\'https://loremflickr.com/640/480/food?lock=467817161818112\' alt=\'Not found\' /><br /><b>Boston\'s most advanced compression wear technology increases muscle oxygenation, stabilizes active muscles</b><p>Maiores qui ambulo ut tondeo bardus ex ultio conventus solitudo. Dolorum cuius sperno. Voluptates auctor adfectus. Pauper summopere victus. Degero triumphus viscus. Quod vel crepusculum attollo summopere. Acquiro denique vulgus.</p><img src=\'https://loremflickr.com/640/480/food?lock=8142782277353472\' alt=\'Not found\' /><br /><h2>Elegant</h2><p>Audacia acidus caries viridis audacia cognomen adulatio. Sopor tamen sono curiositas arto tubineus cernuus tredecim tamen. Comis vorax depono adimpleo. Sollicito ullus terror caveo crux. Vesica bos ventosus cena canto impedit toties acceptus aegrotatio tui.</p><h2>Bronze</h2><p>Terreo conicio vinco vesco temporibus. Beatus combibo tripudio dicta virgo amissio ustilo. Adhaero nesciunt conturbo tum vis vivo curto. Vix suppono talio vitium. Iusto suasoria defluo demulceo ratione. Tametsi calculus molestias victoria curatio uxor deporto cura speculum rem. Nostrum cultura vito credo crebro demens thesis crebro.</p>', 464.27, 803.35, 3, 76.96, 'https://loremflickr.com/640/480/food?lock=467817161818112,https://loremflickr.com/640/480/food?lock=6672635387707392,https://loremflickr.com/640/480/food?lock=1711766115450880,https://loremflickr.com/640/480/food?lock=2878986659037184,https://loremflickr.com/640/480/food?lock=7384388379607040,https://loremflickr.com/640/480/food?lock=1892088721440768,https://loremflickr.com/640/480/food?lock=1129532801155072', '2023-12-02 06:57:15', '2023-12-02 06:57:15', 1),
(29, 'Luxurious Metal Computer', 'The beautiful range of Apple Naturalé that has an exciting mix of natural ingredients. With the Goodness of 100% Natural Ingredients', '<h1>Luxurious Metal Computer</h1><img src=\'https://loremflickr.com/640/480/food?lock=5407243392516096\' alt=\'Not found\' /><br /><b>The beautiful range of Apple Naturalé that has an exciting mix of natural ingredients. With the Goodness of 100% Natural Ingredients</b><p>Deputo beatus amoveo delego callide currus vespillo eum celebrer. Amiculum tertius tactus circumvenio chirographum cohors basium solio. Conscendo appono abstergo strues eaque velut tepesco volo. Tener tabesco dicta impedit territo sollicito. Tametsi somnus ipsa fuga cumque contigo curso repellendus. Vesper cubitum utrum aurum comparo decretum. Vita angulus aveho volubilis ex cogo barba usque arguo spiritus. Collum comparo quae autem. Aliqua delectatio ubi. Textus currus cenaculum cilicium totus communis appono.</p><img src=\'https://loremflickr.com/640/480/food?lock=6144446527700992\' alt=\'Not found\' /><br /><h2>Small</h2><p>Vinitor validus ulciscor demens curo. Contabesco alienus soluta utpote atque summisse solus conturbo. Suppono spes tabernus utor calamitas corrumpo creo agnosco avaritia. Rerum at tumultus curvo concedo valeo benigne catena creta summa. Sequi deficio arto cubicularis vitium temeritas praesentium consequatur.</p><h2>Bronze</h2><p>Repellat inventore valens antiquus aestus decor ventosus. Crepusculum architecto vesica soleo cubo cur triduana agnosco. Vergo surgo coruscus claustrum uredo. Correptius summisse sublime aetas aestus aetas asporto. Verbum varius clam iusto titulus quae deputo speciosus ambitus cicuta. Vesica sunt anser denego utrum circumvenio varietas carmen defendo. Spiritus adicio capitulus tam utrum cupio ars cogito vinitor.</p>', 350.59, 892.81, 64, 42.28, 'https://loremflickr.com/640/480/food?lock=5407243392516096,https://loremflickr.com/640/480/food?lock=65298581422080,https://loremflickr.com/640/480/food?lock=358035318898688,https://loremflickr.com/640/480/food?lock=1583085055377408,https://loremflickr.com/640/480/food?lock=6338257851777024,https://loremflickr.com/640/480/food?lock=8678008353193984,https://loremflickr.com/640/480/food?lock=2975095978983424,https://loremflickr.com/640/480/food?lock=8182072529125376', '2023-12-02 06:57:15', '2023-12-02 06:57:15', 1),
(30, 'Licensed Granite Cheese', 'The Football Is Good For Training And Recreational Purposes', '<h1>Licensed Granite Cheese</h1><img src=\'https://loremflickr.com/640/480/food?lock=2605141230354432\' alt=\'Not found\' /><br /><b>The Football Is Good For Training And Recreational Purposes</b><p>Est coepi aufero viduo vae modi victus. Ceno acerbitas reprehenderit casso territo denuo acceptus. Dicta vita maxime. Enim sponte placeat alveus concedo recusandae ascit absum. Cito tandem adulatio caecus curso auctor. Vociferor inflammatio absque quas curtus vir depraedor stabilis solus adversus.</p><img src=\'https://loremflickr.com/640/480/food?lock=3862493476683776\' alt=\'Not found\' /><br /><h2>Recycled</h2><p>Quam amita cimentarius caelum crastinus accusamus odit tepesco cibus. Commemoro amplus caecus degenero delectatio approbo illum somniculosus. Sursum quod turba ventus decipio sol. Color cohaero pariatur cado apostolus degero. Tutamen aurum ratione acervus atrox valetudo abutor undique maiores. Tepesco caecus statim perferendis vulpes vilis peior.</p><h2>Cotton</h2><p>Terga vorago magnam aequus inflammatio amor thesis tres. Sapiente aestivus aro vere apto. Vulgivagus deduco basium derideo minima tenax est. Aetas studio absconditus cogo vulariter tenus ustulo. Clarus audentia socius subvenio temporibus cenaculum accommodo veritatis. Tertius cupiditas ut sub solio vapulus. Amita venio coruscus thorax triduana. Victus creptio substantia clarus amitto adipisci crinis. Acervus supplanto cubo cervus. Cumque necessitatibus delibero infit auxilium desparatus id.</p>', 347.09, 574.41, 7, 24.78, 'https://loremflickr.com/640/480/food?lock=2605141230354432,https://loremflickr.com/640/480/food?lock=2342305843380224,https://loremflickr.com/640/480/food?lock=1499594628268032,https://loremflickr.com/640/480/food?lock=5224453921308672,https://loremflickr.com/640/480/food?lock=767448324243456,https://loremflickr.com/640/480/food?lock=4466434883190784,https://loremflickr.com/640/480/food?lock=4932345083723776,https://loremflickr.com/640/480/food?lock=7449563199700992,https://loremflickr.com/640/480/food?lock=3440654656995328', '2023-12-02 06:57:15', '2023-12-02 06:57:15', 1),
(31, 'Incredible Granite Keyboard', 'The beautiful range of Apple Naturalé that has an exciting mix of natural ingredients. With the Goodness of 100% Natural Ingredients', '<h1>Incredible Granite Keyboard</h1><img src=\'https://loremflickr.com/640/480/food?lock=7807609558007808\' alt=\'Not found\' /><br /><b>The beautiful range of Apple Naturalé that has an exciting mix of natural ingredients. With the Goodness of 100% Natural Ingredients</b><p>Bibo ascisco communis eaque. Patruus ulciscor optio tui utroque sodalitas quo. Supra temperantia quos contra ver. Tergum vindico deputo. Voluptatum vulticulus trepide thorax. Aegre denuncio terebro pectus absorbeo clarus illum. Tempore varius aegrus currus sunt summisse demens civitas adficio. Comminor tripudio tumultus thymbra deorsum suspendo commodi conitor ago. Talio cedo patruus.</p><img src=\'https://loremflickr.com/640/480/food?lock=5569945383469056\' alt=\'Not found\' /><br /><h2>Practical</h2><p>Repudiandae vomito credo. Turpis cubitum cura videlicet turbo cruciamentum vis aggredior. Sodalitas distinctio curiositas accusamus vester. Deporto adsuesco triduana cernuus ascisco bibo aqua. Amaritudo claudeo delibero adsidue id volo commodo.</p><h2>Cotton</h2><p>Agnitio quo administratio vos aro tubineus contabesco. Termes traho cunae a. Thermae terra delectatio amitto. Et ara utroque acidus vestrum caput una quo. Dolorem provident confero cras aspernatur aqua comparo ter conturbo. Arx comprehendo comminor temptatio tamquam.</p>', 805.9, 41.25, 40, 98.99, 'https://loremflickr.com/640/480/food?lock=7807609558007808,https://loremflickr.com/640/480/food?lock=3126011638054912,https://loremflickr.com/640/480/food?lock=3644489017065472,https://loremflickr.com/640/480/food?lock=2989417580986368,https://loremflickr.com/640/480/food?lock=4113085585424384,https://loremflickr.com/640/480/food?lock=6376312423841792', '2023-12-02 06:57:16', '2023-12-02 06:57:16', 1),
(32, 'Sleek Soft Salad', 'Boston\'s most advanced compression wear technology increases muscle oxygenation, stabilizes active muscles', '<h1>Sleek Soft Salad</h1><img src=\'https://loremflickr.com/640/480/food?lock=4091039008686080\' alt=\'Not found\' /><br /><b>Boston\'s most advanced compression wear technology increases muscle oxygenation, stabilizes active muscles</b><p>Occaecati copiose recusandae. Civis carmen tutamen. Aurum atqui somnus hic ancilla adstringo ceno. Aduro vulnero facere cui incidunt autus totam comminor ambitus carbo. Viscus curis adhaero certe comburo decerno ventito. Veritatis cursim artificiose venio tam contigo voluptatem saepe usque verbum.</p><img src=\'https://loremflickr.com/640/480/food?lock=7375808930775040\' alt=\'Not found\' /><br /><h2>Handcrafted</h2><p>Alter thalassinus ratione deludo. Creptio consuasor suffoco pax video depopulo tergum teres defluo. Arbustum basium ascisco aureus. Tardus optio suppellex tamdiu coniecto. Voluptatibus adhuc suscipio calco cognomen. Correptius tremo utilis conspergo valetudo. Aliquid tubineus comminor cibo auditor.</p><h2>Frozen</h2><p>Esse confugo theatrum cur causa demo. Vomica autus armarium cibus dolorem spectaculum avaritia defleo talio. Strues cubicularis comes temporibus avarus certe odit. Deserunt adsuesco acervus absum. Cervus fuga voluptas. Cado amicitia confido adflicto asperiores sollers venia vaco advenio. Facilis cum excepturi civis. Adversus ascit sperno aliquam.</p>', 150.75, 267.94, 7, 69.05, 'https://loremflickr.com/640/480/food?lock=4091039008686080,https://loremflickr.com/640/480/food?lock=8217858760769536,https://loremflickr.com/640/480/food?lock=275581354639360,https://loremflickr.com/640/480/food?lock=7405321771286528', '2023-12-02 06:57:16', '2023-12-02 06:57:16', 1),
(33, 'Ergonomic Rubber Bacon', 'The beautiful range of Apple Naturalé that has an exciting mix of natural ingredients. With the Goodness of 100% Natural Ingredients', '<h1>Ergonomic Rubber Bacon</h1><img src=\'https://loremflickr.com/640/480/food?lock=1187446945480704\' alt=\'Not found\' /><br /><b>The beautiful range of Apple Naturalé that has an exciting mix of natural ingredients. With the Goodness of 100% Natural Ingredients</b><p>Dolorem benevolentia despecto. Vitiosus auditor aufero bardus textor. Congregatio suscipit adfectus suppellex appositus facere approbo. Cerno mollitia curis aequus. Dedecor terebro demergo. Creta cilicium cultura hic. Tamen depraedor suscipio tametsi dicta suffragium defessus super virtus urbs. Repudiandae vomer cenaculum volo tollo absorbeo coma. Certus commemoro ducimus acerbitas supellex amplexus surculus deinde provident teneo. Comptus adsuesco tergum clibanus depereo arbitro.</p><img src=\'https://loremflickr.com/640/480/food?lock=6984253485088768\' alt=\'Not found\' /><br /><h2>Sleek</h2><p>Amplexus saepe quaerat abutor ducimus amor creber centum. Aestas trado campana ocer conduco accusantium inflammatio. Adduco dolorem valde conatus thermae abstergo asperiores adinventitias tonsor crinis. Deleniti tenuis beneficium aliqua. Considero corrigo supra. Unde crinis terga compello minus cuius.</p><h2>Bronze</h2><p>Eveniet collum ustilo veritas vulnero contego vorax audeo voveo. Accedo comes theca surgo tamdiu. Nulla perferendis baiulus truculenter turbo. Ullam suspendo vulgus. Tracto ex volaticus perferendis deripio cursus torrens caecus. Ago thesis alii maiores. Denego delectus unde sumo apparatus.</p>', 872.72, 150.86, 64, 66.25, 'https://loremflickr.com/640/480/food?lock=1187446945480704,https://loremflickr.com/640/480/food?lock=7657574400786432,https://loremflickr.com/640/480/food?lock=375244604833792,https://loremflickr.com/640/480/food?lock=7837133567950848,https://loremflickr.com/640/480/food?lock=2093326421458944', '2023-12-02 06:57:16', '2023-12-02 06:57:16', 1),
(34, 'Tasty Cotton Hat', 'Boston\'s most advanced compression wear technology increases muscle oxygenation, stabilizes active muscles', '<h1>Tasty Cotton Hat</h1><img src=\'https://loremflickr.com/640/480/food?lock=5952115021185024\' alt=\'Not found\' /><br /><b>Boston\'s most advanced compression wear technology increases muscle oxygenation, stabilizes active muscles</b><p>Adsuesco theologus debeo alter consequatur assentator. Utrum amet defleo consequatur. Volubilis substantia deserunt summisse caput bellum sumptus. Capillus possimus concido terror molestiae. Adficio ustilo tracto suscipit cohibeo. Vulpes non causa ademptio.</p><img src=\'https://loremflickr.com/640/480/food?lock=4543151184281600\' alt=\'Not found\' /><br /><h2>Gorgeous</h2><p>Coniecto admiratio votum iste molestiae benigne aiunt curvo. Curiositas denego officia terror. Accedo antiquus vociferor supra bos sollicito. Coaegresco admoveo soleo timidus nam advenio eaque veritas. Fuga accusantium ustilo vaco atque cubo atrocitas tero comitatus. Comburo carcer utor complectus. Quas non acquiro urbs deserunt solus deorsum infit tabernus.</p><h2>Rubber</h2><p>Subito barba supra appello communis vereor stabilis. Color condico veritas terror urbs delectatio vigilo vero. Utpote repudiandae texo apud arceo sophismata vetus validus cornu censura. Esse arbor vilis umquam totam vomer vado bibo totam dignissimos. Caelum deficio auctus admoveo ustilo toties agnosco ambitus appono trepide. Odio minima totidem absque umbra ver. Vulticulus bibo supplanto charisma suffoco inventore bardus crudelis astrum. Xiphias arguo bibo amplus facere degusto deprimo abutor.</p>', 638.23, 86.78, 52, 96.35, 'https://loremflickr.com/640/480/food?lock=5952115021185024,https://loremflickr.com/640/480/food?lock=7107552301023232,https://loremflickr.com/640/480/food?lock=7359492014473216,https://loremflickr.com/640/480/food?lock=6239506019647488,https://loremflickr.com/640/480/food?lock=8946932886011904', '2023-12-02 06:57:16', '2023-12-02 06:57:16', 1),
(35, 'Refined Steel Table', 'New range of formal shirts are designed keeping you in mind. With fits and styling that will make you stand apart', '<h1>Refined Steel Table</h1><img src=\'https://loremflickr.com/640/480/food?lock=2168938102259712\' alt=\'Not found\' /><br /><b>New range of formal shirts are designed keeping you in mind. With fits and styling that will make you stand apart</b><p>Derelinquo casus claustrum coniuratio iure sol. Derideo tamen censura in arto vallum vigor voveo. Certus vigor cervus consuasor tremo carpo. Cilicium cohors timidus patior utique color usque tepesco compono. Attollo crudelis consequuntur. Celebrer nam una clam.</p><img src=\'https://loremflickr.com/640/480/food?lock=6136594134204416\' alt=\'Not found\' /><br /><h2>Tasty</h2><p>Caterva coruscus tempora copia voro brevis decumbo voluptatum summisse. Depereo viscus talis. Voluptatibus tenetur vaco. Cribro taedium solium demonstro dignissimos aggero virgo caute aliquid bibo. Velociter cohors ulciscor necessitatibus.</p><h2>Steel</h2><p>Cedo fuga tergeo patior damnatio. Adeo sub condico. Tabgo arbustum ulciscor alioqui. Depromo decimus dolores cursim capto similique voveo. Alienus accusamus adduco deprecator carcer suppono cogo admoneo ancilla cribro. Conventus doloribus vesper. Adnuo perspiciatis tabesco talis aegre usque vos nesciunt quisquam.</p>', 584.68, 831.97, 62, 53.78, 'https://loremflickr.com/640/480/food?lock=2168938102259712,https://loremflickr.com/640/480/food?lock=5385730499018752,https://loremflickr.com/640/480/food?lock=6735359444516864,https://loremflickr.com/640/480/food?lock=1792895910674432,https://loremflickr.com/640/480/food?lock=7255401590423552,https://loremflickr.com/640/480/food?lock=1507712842072064,https://loremflickr.com/640/480/food?lock=4539485394042880', '2023-12-02 06:57:16', '2023-12-02 06:57:16', 1),
(36, 'Refined Bronze Table', 'The Nagasaki Lander is the trademarked name of several series of Nagasaki sport bikes, that started with the 1984 ABC800J', '<h1>Refined Bronze Table</h1><img src=\'https://loremflickr.com/640/480/food?lock=6642457645154304\' alt=\'Not found\' /><br /><b>The Nagasaki Lander is the trademarked name of several series of Nagasaki sport bikes, that started with the 1984 ABC800J</b><p>Demo trans denique sufficio doloribus cum cicuta adipisci altus. Creptio rem cometes id comparo catena. Commemoro amoveo vetus carcer atrocitas. Utrum in aegrus textus statim cursim tabesco auditor admiratio dolor. Auditor capillus studio urbanus tonsor tracto vos aequitas conturbo. Bonus sumo aveho. Molestiae confido amplexus. Iusto doloremque utpote error debilito beatus blanditiis.</p><img src=\'https://loremflickr.com/640/480/food?lock=8992117326086144\' alt=\'Not found\' /><br /><h2>Practical</h2><p>Adstringo cerno basium addo minus tergum. Et cubitum teneo. Iste cubitum virga toties coepi succurro comparo velociter tabella terreo. Bene dapifer atrox cena ducimus. Baiulus abscido torrens celo truculenter amplitudo arbustum. A canonicus ago consuasor trado centum aiunt delinquo adflicto. Valde articulus trepide adiuvo summa. Sufficio carbo vinculum aegrotatio capto viduo cogito commodi decens taedium. Aperte peior cras quo arbor solium suus. Temperantia quasi auditor conitor subito advenio astrum solio desipio tumultus.</p><h2>Metal</h2><p>Suggero debeo suspendo numquam ullam placeat ullus. Quis supplanto ascit censura. Cultura uredo adinventitias tabula. Bardus umerus crux caste accendo apto cum. Timidus beatae bellicus vilitas depromo voluptatibus cito thalassinus subseco casso. Vulnus casso audacia substantia aperte solum ascit vere solum. Ciminatio qui officia turbo ustulo. Colo amet timidus denique.</p>', 385.3, 103.46, 52, 42.93, 'https://loremflickr.com/640/480/food?lock=6642457645154304,https://loremflickr.com/640/480/food?lock=1871090399838208,https://loremflickr.com/640/480/food?lock=1293673310453760,https://loremflickr.com/640/480/food?lock=3366233317572608,https://loremflickr.com/640/480/food?lock=276098191458304,https://loremflickr.com/640/480/food?lock=7805005335625728,https://loremflickr.com/640/480/food?lock=1856437709963264,https://loremflickr.com/640/480/food?lock=5220701625647104,https://loremflickr.com/640/480/food?lock=8504896317816832,https://loremflickr.com/640/480/food?lock=1783651817750528', '2023-12-02 06:57:16', '2023-12-02 06:57:16', 1),
(37, 'Bespoke Cotton Table', 'Ergonomic executive chair upholstered in bonded black leather and PVC padded seat and back for all-day comfort and support', '<h1>Bespoke Cotton Table</h1><img src=\'https://loremflickr.com/640/480/food?lock=2116412789227520\' alt=\'Not found\' /><br /><b>Ergonomic executive chair upholstered in bonded black leather and PVC padded seat and back for all-day comfort and support</b><p>Cognatus sponte tredecim canonicus adicio tot creptio. Vestrum tibi tremo. Sed amor deprecator conforto veritas abstergo amplitudo. Nemo decor caries calculus adsidue tempora vorax cursus tumultus. Audentia decimus color vae consectetur. Usus rerum tibi deorsum aurum tantum totus verbera curtus tener. Vulnus aureus vinitor basium spero cohaero cariosus. Nobis quas adicio eligendi.</p><img src=\'https://loremflickr.com/640/480/food?lock=3131620198449152\' alt=\'Not found\' /><br /><h2>Intelligent</h2><p>Defero crastinus vester tero vesica temptatio adfectus sonitus minima celo. Strenuus voluptatum verbera ulciscor vulnus terror suspendo atque colo. Infit totidem recusandae tolero vulnero vapulus. Aro conatus vinum caveo soleo vitium torqueo saepe. Degero voco benevolentia una strues non deprecator contego.</p><h2>Plastic</h2><p>Inflammatio summopere creber vesper. Eligendi centum audentia alius cursus talis triduana audacia amissio adhaero. Adflicto compello curto cattus caput amitto. Corroboro alii conservo bardus pecus. Stultus decet causa corporis defendo acidus.</p>', 858.1, 103.68, 6, 83.33, 'https://loremflickr.com/640/480/food?lock=2116412789227520,https://loremflickr.com/640/480/food?lock=6654844532162560,https://loremflickr.com/640/480/food?lock=7429516764905472,https://loremflickr.com/640/480/food?lock=4552561466015744', '2023-12-02 06:57:17', '2023-12-02 06:57:17', 1),
(38, 'Refined Rubber Car', 'New ABC 13 9370, 13.3, 5th Gen CoreA5-8250U, 8GB RAM, 256GB SSD, power UHD Graphics, OS 10 Home, OS Office A & J 2016', '<h1>Refined Rubber Car</h1><img src=\'https://loremflickr.com/640/480/food?lock=8091161870729216\' alt=\'Not found\' /><br /><b>New ABC 13 9370, 13.3, 5th Gen CoreA5-8250U, 8GB RAM, 256GB SSD, power UHD Graphics, OS 10 Home, OS Office A & J 2016</b><p>Est triduana infit traho necessitatibus vapulus teres sapiente cruentus defungo. Adimpleo depono tabgo absum baiulus terminatio denego admoveo animi crustulum. Validus tum canonicus vae deserunt. Cimentarius adinventitias denuo voluntarius. Titulus audentia utpote quos incidunt quam surgo.</p><img src=\'https://loremflickr.com/640/480/food?lock=5901931883003904\' alt=\'Not found\' /><br /><h2>Recycled</h2><p>Odit tactus tutis nisi soleo voro angulus. Viriliter adeo celo uterque vitium abutor debeo benevolentia vomito. Contra tollo demulceo cura iusto dedico eligendi copiose desidero. Adfectus calco super conforto. Quam veritas volutabrum video spiculum succurro quidem. Tandem officia veritatis cunae ultra. Vado theologus territo texo. Advoco tempus doloribus strenuus utor territo adstringo. Culpa adsum corrumpo vinculum abstergo.</p><h2>Soft</h2><p>Aperio demitto adopto crebro vomito synagoga degusto arceo. Tamquam peior vis attonbitus video conspergo cohaero in. Suadeo canto aveho sustineo catena. Vetus quos solio in verto adfero surgo utpote curto suus. Decumbo xiphias acerbitas. Curiositas terga voro ciminatio omnis. Vindico defero demens patrocinor pecco eos vulgo cinis. Congregatio cumque tamen defendo vis ultio sui.</p>', 296.68, 530.83, 81, 84.02, 'https://loremflickr.com/640/480/food?lock=8091161870729216,https://loremflickr.com/640/480/food?lock=5104029390602240,https://loremflickr.com/640/480/food?lock=5733045923479552,https://loremflickr.com/640/480/food?lock=304513409875968,https://loremflickr.com/640/480/food?lock=495318464462848', '2023-12-02 06:57:17', '2023-12-02 06:57:17', 1),
(39, 'Elegant Fresh Chair', 'Carbonite web goalkeeper gloves are ergonomically designed to give easy fit', '<h1>Elegant Fresh Chair</h1><img src=\'https://loremflickr.com/640/480/food?lock=1930222825897984\' alt=\'Not found\' /><br /><b>Carbonite web goalkeeper gloves are ergonomically designed to give easy fit</b><p>Accusamus atrocitas creo accommodo aperiam suadeo cogito sono ancilla. Cum viscus allatus desolo denuncio turbo depromo soluta rem. Aliquam abundans suadeo campana testimonium solus thalassinus acerbitas video. Volup bene fugiat desidero vomito civis vergo crapula. Cubicularis caput denuncio eum vester vilicus. Pel vos vorago coruscus vitium. Aveho suasoria venustas canis utrimque voluptatum saepe balbus sequi. Uberrime termes cohors cruentus capto verbera. Templum acies cohaero comedo defleo creber carcer ademptio quibusdam. Minus nam aspernatur correptius conturbo audentia vox tempore sui.</p><img src=\'https://loremflickr.com/640/480/food?lock=5849685946269696\' alt=\'Not found\' /><br /><h2>Tasty</h2><p>Corporis adeptio vehemens. Credo delectus depromo. Totidem attonbitus sordeo vociferor ascisco doloribus. Comptus ager concido appositus valde appositus credo despecto torrens. Cognomen absens summisse civis terror depereo. Vomito cena vindico bos aqua studio damno argumentum ubi tendo. Cupiditate suscipio cruentus itaque constans. Carpo tolero casso consequuntur temporibus bestia averto sono. Verbera cribro atrocitas.</p><h2>Rubber</h2><p>Suadeo deripio vulariter acerbitas crebro crinis. Denego strues ullus contabesco pecus cernuus pax. Coruscus canonicus viscus barba conduco vilitas demoror. Vulnero torrens trado ait virgo eligendi non tutis antiquus deficio. Sublime tepidus tactus venia alias utor vero aestus dignissimos degero.</p>', 25.57, 699.1, 85, 44.71, 'https://loremflickr.com/640/480/food?lock=1930222825897984,https://loremflickr.com/640/480/food?lock=7462900889288704,https://loremflickr.com/640/480/food?lock=5352117061550080,https://loremflickr.com/640/480/food?lock=8778329276547072', '2023-12-02 06:57:17', '2023-12-02 06:57:17', 1),
(40, 'Awesome Fresh Keyboard', 'Andy shoes are designed to keeping in mind durability as well as trends, the most stylish range of shoes & sandals', '<h1>Awesome Fresh Keyboard</h1><img src=\'https://loremflickr.com/640/480/food?lock=2259624231174144\' alt=\'Not found\' /><br /><b>Andy shoes are designed to keeping in mind durability as well as trends, the most stylish range of shoes & sandals</b><p>Summisse summa benigne quia delectus angulus arca decerno reiciendis suppono. Adnuo nobis atavus validus templum viscus commodi tabula. Ascisco subseco molestias textor virtus defetiscor voluptatem. Id cursim desino confugo. Volutabrum pel aequus. Veniam architecto autus explicabo catena spiculum adsidue ipsum vilis. Sursum iste dens atrocitas approbo conicio teres saepe copia.</p><img src=\'https://loremflickr.com/640/480/food?lock=4165273835798528\' alt=\'Not found\' /><br /><h2>Intelligent</h2><p>Vetus arguo deludo trepide clam vere claustrum video. Ultio thalassinus calamitas cuius reprehenderit stillicidium audacia concedo adstringo. Sit vetus bonus abundans tego architecto utrimque. Vehemens amo vestrum casso eum. Abutor peccatus autus vigilo thermae suggero. Ancilla hic contigo bos maiores spiculum. Aro advenio cruciamentum cruentus inflammatio corpus vergo.</p><h2>Steel</h2><p>Cattus vulpes tumultus contra timidus temptatio talio tumultus accusamus tersus. Sodalitas corporis benevolentia depereo depulso dolor inflammatio demens studio ocer. Suppono certus depereo tum sperno sint cruciamentum amet velut atque. Illum contabesco tamdiu adsum cerno. Culpo vulgivagus illum trans conturbo cribro spero despecto. Repellat casso eum arcus alter cunabula unde. Odio canto accusator socius vicinus maxime aliquam dolorem voluptas. Bibo amiculum cunae chirographum triumphus vilis teneo demo.</p>', 219.54, 816.49, 36, 20.22, 'https://loremflickr.com/640/480/food?lock=2259624231174144,https://loremflickr.com/640/480/food?lock=297187739172864,https://loremflickr.com/640/480/food?lock=8215177147187200,https://loremflickr.com/640/480/food?lock=3075300835459072,https://loremflickr.com/640/480/food?lock=6395520025100288,https://loremflickr.com/640/480/food?lock=1595315192856576,https://loremflickr.com/640/480/food?lock=9004582149554176,https://loremflickr.com/640/480/food?lock=4038283925389312,https://loremflickr.com/640/480/food?lock=3043632722477056', '2023-12-02 06:57:17', '2023-12-02 06:57:17', 1),
(41, 'Elegant Bronze Fish', 'The Apollotech B340 is an affordable wireless mouse with reliable connectivity, 12 months battery life and modern design', '<h1>Elegant Bronze Fish</h1><img src=\'https://loremflickr.com/640/480/food?lock=2305326846050304\' alt=\'Not found\' /><br /><b>The Apollotech B340 is an affordable wireless mouse with reliable connectivity, 12 months battery life and modern design</b><p>Aro arbor ventosus utilis nam cerno. Tollo conscendo contra aegre. Patrocinor corporis aer ventosus colligo. Quibusdam villa deorsum. Cito at voluptatum. Attollo demitto sodalitas ultra. Viridis apud approbo creator celebrer angelus tamen aequitas decet.</p><img src=\'https://loremflickr.com/640/480/food?lock=7172857853378560\' alt=\'Not found\' /><br /><h2>Intelligent</h2><p>Sumo consuasor valens. Animadverto tui vicissitudo. Cupio volva crux balbus subseco defetiscor umbra. Aliqua amicitia tenus arbor patria arceo pauci sumo totidem cruentus. Dolores aveho civitas admoneo iusto beatus sapiente aggredior temptatio tamen. Qui ducimus deleniti suffoco vesica creber ustulo dedico varius.</p><h2>Concrete</h2><p>Aestus depopulo currus solvo. Utor sophismata vereor tego vere administratio veniam desparatus. Iusto ex viscus approbo audio aperio vinitor natus aperiam subvenio. Averto asper voco ustilo advenio solio alii vesica curiositas amplitudo. Certus defungo sto animus peior carmen taceo tertius. Antea beneficium centum decens. Debilito adflicto volutabrum corporis. Adstringo canonicus callide casus. Cohibeo autem utor circumvenio conqueror vitae. Acies ante arx usitas cariosus derideo facilis depopulo angelus adeptio.</p>', 410.35, 756.11, 28, 50.76, 'https://loremflickr.com/640/480/food?lock=2305326846050304,https://loremflickr.com/640/480/food?lock=7124525296648192,https://loremflickr.com/640/480/food?lock=8496721078255616,https://loremflickr.com/640/480/food?lock=1271183282536448,https://loremflickr.com/640/480/food?lock=4045014504046592,https://loremflickr.com/640/480/food?lock=3969502236639232,https://loremflickr.com/640/480/food?lock=2042111606128640,https://loremflickr.com/640/480/food?lock=5307299354640384,https://loremflickr.com/640/480/food?lock=8096073576873984', '2023-12-02 06:57:17', '2023-12-02 06:57:17', 1),
(42, 'Ergonomic Plastic Hat', 'New ABC 13 9370, 13.3, 5th Gen CoreA5-8250U, 8GB RAM, 256GB SSD, power UHD Graphics, OS 10 Home, OS Office A & J 2016', '<h1>Ergonomic Plastic Hat</h1><img src=\'https://loremflickr.com/640/480/food?lock=721778280235008\' alt=\'Not found\' /><br /><b>New ABC 13 9370, 13.3, 5th Gen CoreA5-8250U, 8GB RAM, 256GB SSD, power UHD Graphics, OS 10 Home, OS Office A & J 2016</b><p>Voluptates adfectus paulatim crudelis voluptate aspernatur in contigo fuga. Cinis ancilla sui traho demonstro summopere vulgaris. Cur surculus vergo maiores dicta talis volo vinum vesco. Apto angustus baiulus desolo substantia aestivus audeo dolorum cresco. Vinculum supellex claro trepide sponte adinventitias qui. Iure cometes unus. Cresco possimus antepono combibo acervus canto confido veniam. Minus aliquid cultura cum.</p><img src=\'https://loremflickr.com/640/480/food?lock=3538599324680192\' alt=\'Not found\' /><br /><h2>Small</h2><p>Dedico adipiscor unus. Decipio tenetur cupiditas admiratio quibusdam paens. Perferendis candidus colo peccatus beatae capillus ascisco summisse adsuesco quas. Clamo aliqua vesper thesaurus aspicio cenaculum. Corrumpo curo trepide torqueo careo solitudo nulla attollo. Balbus sollers valeo umerus arto ultio advenio strenuus et capillus. Delinquo verus vesper aperte civis. Aequitas video ulterius turba validus arcesso beatus officia. Aliqua ascisco spiritus chirographum adopto.</p><h2>Cotton</h2><p>Velum neque cometes demo vos carcer verus sequi vergo. Aspicio talis charisma deprecator deripio depono comis vae. Stips porro totidem comitatus degero abundans asporto atqui possimus. Aestas cruentus cur. Commodi adopto celer dedecor laborum denique odio conqueror. Decumbo ait valetudo.</p>', 515.54, 188.26, 44, 85.86, 'https://loremflickr.com/640/480/food?lock=721778280235008,https://loremflickr.com/640/480/food?lock=3065265208164352,https://loremflickr.com/640/480/food?lock=1008970168795136,https://loremflickr.com/640/480/food?lock=4908217167511552,https://loremflickr.com/640/480/food?lock=151366112641024,https://loremflickr.com/640/480/food?lock=1137523378094080,https://loremflickr.com/640/480/food?lock=8533915220312064,https://loremflickr.com/640/480/food?lock=2159855670394880', '2023-12-02 06:57:17', '2023-12-02 06:57:17', 1),
(43, 'Incredible Rubber Bike', 'The Apollotech B340 is an affordable wireless mouse with reliable connectivity, 12 months battery life and modern design', '<h1>Incredible Rubber Bike</h1><img src=\'https://loremflickr.com/640/480/food?lock=7825092870406144\' alt=\'Not found\' /><br /><b>The Apollotech B340 is an affordable wireless mouse with reliable connectivity, 12 months battery life and modern design</b><p>Magnam considero demo deleo atque. Tot decor fuga. Deputo avaritia annus explicabo. Torqueo arca vereor capitulus ara. Amplus degero aedificium pecco repellendus. Eum sunt ulciscor ipsa demum valens suscipit. Aestivus arceo ustilo laborum strenuus.</p><img src=\'https://loremflickr.com/640/480/food?lock=6671955121930240\' alt=\'Not found\' /><br /><h2>Licensed</h2><p>Tibi articulus admoneo enim desolo decerno combibo. Censura tantillus cuius nam videlicet aeneus speciosus sodalitas. Paens ultio subvenio allatus brevis molestias quasi arbustum. Vestigium curo capio amet decimus. Argumentum deprimo altus tenetur corpus validus caelestis.</p><h2>Frozen</h2><p>Decerno depulso patrocinor cognatus fugit cogito conqueror. Spes auditor adimpleo vox. Modi volva neque supellex patrocinor cauda aureus venustas demoror dens. Triumphus voveo quisquam alii possimus aperiam vigor. Ducimus vitiosus absorbeo. Qui eveniet ambulo subvenio sursum mollitia. Defendo caries vae caute vesica viriliter.</p>', 39.91, 71.78, 99, 62.91, 'https://loremflickr.com/640/480/food?lock=7825092870406144,https://loremflickr.com/640/480/food?lock=8058596713562112,https://loremflickr.com/640/480/food?lock=7421531573452800,https://loremflickr.com/640/480/food?lock=7727469025034240,https://loremflickr.com/640/480/food?lock=4130211763322880,https://loremflickr.com/640/480/food?lock=6742362405470208,https://loremflickr.com/640/480/food?lock=2650139046969344,https://loremflickr.com/640/480/food?lock=2585664841318400,https://loremflickr.com/640/480/food?lock=8415749886443520', '2023-12-02 06:57:19', '2023-12-02 06:57:19', 1),
(44, 'Handcrafted Bronze Car', 'The Nagasaki Lander is the trademarked name of several series of Nagasaki sport bikes, that started with the 1984 ABC800J', '<h1>Handcrafted Bronze Car</h1><img src=\'https://loremflickr.com/640/480/food?lock=1171639374970880\' alt=\'Not found\' /><br /><b>The Nagasaki Lander is the trademarked name of several series of Nagasaki sport bikes, that started with the 1984 ABC800J</b><p>Sodalitas voco coadunatio consuasor voluptatum. Distinctio saepe demonstro conforto statua talis triduana. Vorax coerceo totus vado a balbus adeo laborum acerbitas. Defero blanditiis tunc officiis aperio angulus textilis. Creo cuppedia asperiores utroque vulnero appositus demo sit brevis. Cibo creo consequuntur ab unus animadverto. Spero assentator teneo cohaero decerno vesco. Sulum tabernus subvenio calculus vapulus. Ago decet charisma. Crebro dapifer suus corrupti verumtamen bonus uter clarus.</p><img src=\'https://loremflickr.com/640/480/food?lock=1532157950427136\' alt=\'Not found\' /><br /><h2>Electronic</h2><p>Tandem claudeo ulterius audacia dicta confido campana super custodia. Abbas brevis acerbitas tempore tredecim repellendus alienus vereor utrimque ducimus. Cubicularis spargo ara perferendis centum video. Urbs voluptates cilicium cur voluptas antea summa decumbo soluta. Capillus aequitas atqui taedium aestivus bibo summa. Officia catena suscipio. Aetas tui amitto vilitas tenax auctor sulum cohors incidunt deleniti. Paens crux voro vereor quod consuasor cometes. Claudeo annus cupiditas dignissimos tepidus tardus tergo ambulo.</p><h2>Frozen</h2><p>Bellicus cornu corpus vulgaris cultellus cogo timidus voluptatibus sollicito conservo. Canto adduco amor vulgo aer cubitum nesciunt tribuo avaritia. Odio vapulus vito. Abeo pauci vito tollo cubo vulgaris demoror carcer tantillus. Amor ustulo molestias. Cariosus averto abutor avaritia amplexus officia.</p>', 654.1, 317.47, 54, 15.34, 'https://loremflickr.com/640/480/food?lock=1171639374970880,https://loremflickr.com/640/480/food?lock=8082798680211456,https://loremflickr.com/640/480/food?lock=1990586387136512,https://loremflickr.com/640/480/food?lock=5945443496230912,https://loremflickr.com/640/480/food?lock=5170471072956416,https://loremflickr.com/640/480/food?lock=4179792674947072,https://loremflickr.com/640/480/food?lock=7880612471898112,https://loremflickr.com/640/480/food?lock=7183140978163712,https://loremflickr.com/640/480/food?lock=3498370320564224', '2023-12-02 06:57:19', '2023-12-02 06:57:19', 1),
(45, 'Ergonomic Plastic Tuna', 'Carbonite web goalkeeper gloves are ergonomically designed to give easy fit', '<h1>Ergonomic Plastic Tuna</h1><img src=\'https://loremflickr.com/640/480/food?lock=5965300212170752\' alt=\'Not found\' /><br /><b>Carbonite web goalkeeper gloves are ergonomically designed to give easy fit</b><p>Vulgus optio animi cado. Vos voluptate creo tardus tardus vinitor textus aveho eos. Abbas cuius sulum carbo adficio. Tracto subseco solvo. Cauda depopulo atrox. Damno undique teneo depono suadeo abundans aranea confero. Ambitus molestias sophismata conatus earum demens tabgo. Terga officia ancilla tonsor ambitus abduco. Aliquam optio coerceo tersus tolero somnus. Sono sonitus quae brevis turpis hic curiositas aureus.</p><img src=\'https://loremflickr.com/640/480/food?lock=1026416558735360\' alt=\'Not found\' /><br /><h2>Generic</h2><p>Ustulo tamen abduco tergeo valens. Atrocitas hic suffragium volva terreo cupiditate charisma aeger demoror in. Aufero tersus blandior corrigo vulgaris benevolentia neque sursum appono est. Versus suus xiphias vita quisquam cibo. Umquam tergo somniculosus arbitro accedo dicta vulgivagus voluptas tutamen. Vulnero cognatus angelus fugit adipisci fuga desparatus. Admoveo abstergo acervus una convoco. Attonbitus collum taceo hic cui voluptatibus velut eos tempore depono. Volubilis officiis alveus absens quia curto corrupti magni adinventitias.</p><h2>Cotton</h2><p>Adsidue crur adduco usitas aggero acerbitas basium. Fugiat denuncio colligo hic altus apto volup minus placeat depraedor. Uterque carbo aduro mollitia claro adicio cohors tamdiu tamisium. Vilitas cunae amo demergo cauda. Utilis vinitor apto trucido repellendus sed curo. Adsum alii sublime cervus summisse desidero repudiandae.</p>', 64.68, 397.24, 77, 31.68, 'https://loremflickr.com/640/480/food?lock=5965300212170752,https://loremflickr.com/640/480/food?lock=6499536956555264,https://loremflickr.com/640/480/food?lock=5943066737246208,https://loremflickr.com/640/480/food?lock=108101921406976,https://loremflickr.com/640/480/food?lock=7710960263364608,https://loremflickr.com/640/480/food?lock=2126189311295488,https://loremflickr.com/640/480/food?lock=2732963856908288,https://loremflickr.com/640/480/food?lock=5332596217085952,https://loremflickr.com/640/480/food?lock=700336033497088', '2023-12-02 06:57:19', '2023-12-02 06:57:19', 1),
(46, 'Practical Bronze Shoes', 'The automobile layout consists of a front-engine design, with transaxle-type transmissions mounted at the rear of the engine and four wheel drive', '<h1>Practical Bronze Shoes</h1><img src=\'https://loremflickr.com/640/480/food?lock=2466939525922816\' alt=\'Not found\' /><br /><b>The automobile layout consists of a front-engine design, with transaxle-type transmissions mounted at the rear of the engine and four wheel drive</b><p>Carus supra utpote deficio auctus socius reiciendis textilis. Perferendis vehemens curatio nostrum damnatio inventore sulum varietas teres. Auditor suasoria amo tantillus arto desparatus culpo admiratio desipio. Terreo autem ipsa velit canonicus dolore exercitationem cerno. Viriliter custodia dens assentator vergo. Vulnero excepturi voco degusto iste. Voveo vehemens taedium balbus pauci deputo deprimo viscus paulatim. Valetudo attonbitus tempora cumque depraedor comburo. Error doloremque surgo aptus volo accusantium ipsam. Aequitas capitulus cunabula crapula.</p><img src=\'https://loremflickr.com/640/480/food?lock=8910261792538624\' alt=\'Not found\' /><br /><h2>Modern</h2><p>Vigor benigne aestas vester vix viduo attollo. Statua demulceo vulnero delectatio creptio infit eum tamquam voluptate. Vigilo pel crudelis similique. Aegrus triumphus accedo reprehenderit claro. Sodalitas trucido advoco. Tolero universe xiphias arma. Appositus substantia modi vicissitudo. Velociter demens umerus aeger adamo. Defero teneo utor trucido ago turbo. Defetiscor vomito comminor paulatim ulterius strenuus tabesco tempore ciminatio cervus.</p><h2>Soft</h2><p>Repellat subseco officia conatus velit. Tres eaque confido cursus angulus subseco aequitas amita carbo denique. Uterque atrox virgo aer thesaurus dolore delego. Temeritas cum ara claustrum. Volo celebrer apto tredecim quas tantum corrupti soleo. Thermae demum suggero debeo. Cibo curtus acervus adeo acsi. Talis beatae atqui antepono porro vereor cervus. Adulescens alii conculco stultus deduco.</p>', 194.72, 296.31, 15, 26.31, 'https://loremflickr.com/640/480/food?lock=2466939525922816,https://loremflickr.com/640/480/food?lock=916643089743872,https://loremflickr.com/640/480/food?lock=1641189317017600,https://loremflickr.com/640/480/food?lock=507463369490432,https://loremflickr.com/640/480/food?lock=6537334927392768', '2023-12-02 06:57:19', '2023-12-02 06:57:19', 1);
INSERT INTO `Products` (`id`, `name`, `short_description`, `long_description`, `real_price`, `sale_price`, `stock`, `weight`, `images`, `createdAt`, `updatedAt`, `user_id`) VALUES
(47, 'Luxurious Cotton Mouse', 'Andy shoes are designed to keeping in mind durability as well as trends, the most stylish range of shoes & sandals', '<h1>Luxurious Cotton Mouse</h1><img src=\'https://loremflickr.com/640/480/food?lock=2692406623338496\' alt=\'Not found\' /><br /><b>Andy shoes are designed to keeping in mind durability as well as trends, the most stylish range of shoes & sandals</b><p>Dolore modi unde viduo tener ubi conor defleo voro auctor. Celo stillicidium carbo. Crux apparatus vel confido. Administratio tolero aetas aptus verecundia. Nulla accusantium sustineo. Cras aliqua crur defungo pax.</p><img src=\'https://loremflickr.com/640/480/food?lock=8295943577272320\' alt=\'Not found\' /><br /><h2>Refined</h2><p>Clamo vapulus verbum ceno creator. Tui trepide debilito territo suscipit. Traho testimonium testimonium. Tabula ea vis solitudo adstringo centum. Una possimus accedo pecto clam aveho. Tener urbs vester absum suppellex.</p><h2>Cotton</h2><p>Tutis est appello bestia tres. Tamquam solus voluptatum aequitas cubitum. Truculenter apostolus tergiversatio xiphias conculco quam. Suadeo subiungo stillicidium solutio. Curia molestiae laborum crinis conscendo tamdiu caelum sursum depono dicta. Averto candidus fugiat advoco solium animus tenax dedico decipio. Voluptatibus clementia aureus tamisium. Auditor truculenter suffragium celo cattus.</p>', 999.47, 499.27, 47, 98.83, 'https://loremflickr.com/640/480/food?lock=2692406623338496,https://loremflickr.com/640/480/food?lock=8111079364231168,https://loremflickr.com/640/480/food?lock=8041949640523776,https://loremflickr.com/640/480/food?lock=1964492028116992,https://loremflickr.com/640/480/food?lock=6251898571063296,https://loremflickr.com/640/480/food?lock=4462760366702592,https://loremflickr.com/640/480/food?lock=417547421745152', '2023-12-02 06:57:20', '2023-12-02 06:57:20', 1),
(48, 'Gorgeous Cotton Cheese', 'The Football Is Good For Training And Recreational Purposes', '<h1>Gorgeous Cotton Cheese</h1><img src=\'https://loremflickr.com/640/480/food?lock=7974184581857280\' alt=\'Not found\' /><br /><b>The Football Is Good For Training And Recreational Purposes</b><p>Degero coniuratio depono sum usus aegrus nulla calco suggero versus. Bestia vox commemoro temperantia cursim calco pecto colo. Clamo laudantium conor tutis sumptus. Pauper unus adficio amiculum terebro totam delectus teres. Eligendi ut amicitia sophismata. Curriculum appositus caries auctor soleo aduro. Blandior non torqueo somniculosus.</p><img src=\'https://loremflickr.com/640/480/food?lock=808265927622656\' alt=\'Not found\' /><br /><h2>Luxurious</h2><p>Antepono compono defluo benevolentia tremo consuasor vulnero termes. Tametsi attollo coma quia vomito sustineo civis ulterius comitatus cimentarius. Dicta armarium arcus confido benigne temeritas impedit varietas. Trado vallum cicuta vulgivagus hic aetas ex certe coruscus condico. Varietas ambitus cubitum facilis triumphus calco velociter abutor atavus. Vestigium venustas itaque minima corrupti bonus demergo absconditus adficio. Pax atque denuncio volutabrum succedo. Confero pariatur uxor volva modi velut temeritas contabesco. Altus admoveo supellex patria temperantia careo combibo hic tabgo suadeo. Voluptatum delego comburo cado subiungo baiulus cicuta arma.</p><h2>Wooden</h2><p>Deserunt usus capto. Amaritudo usitas angulus trado templum subnecto speciosus aptus. Amoveo vulgaris sit. Adiuvo assentator cupiditas coadunatio vereor subseco subnecto. Tamisium sumo vinitor ambitus beatae conculco accommodo spero volaticus. Uxor antea video credo adstringo copia vis. Ea dolorem comis cultura cerno pauper cognomen umbra testimonium denuncio. Vomito quibusdam usus viduo voluptatem creo ventito infit quam. Appono concedo absens depraedor casus totus curriculum spoliatio candidus temptatio.</p>', 98.4, 283.84, 17, 92.66, 'https://loremflickr.com/640/480/food?lock=7974184581857280,https://loremflickr.com/640/480/food?lock=3299026896158720,https://loremflickr.com/640/480/food?lock=6687827051937792,https://loremflickr.com/640/480/food?lock=4672056949997568,https://loremflickr.com/640/480/food?lock=8674741537734656,https://loremflickr.com/640/480/food?lock=7694511601876992,https://loremflickr.com/640/480/food?lock=4442759926644736', '2023-12-02 06:57:20', '2023-12-02 06:57:20', 1),
(49, 'Luxurious Wooden Car', 'Carbonite web goalkeeper gloves are ergonomically designed to give easy fit', '<h1>Luxurious Wooden Car</h1><img src=\'https://loremflickr.com/640/480/food?lock=5101514066493440\' alt=\'Not found\' /><br /><b>Carbonite web goalkeeper gloves are ergonomically designed to give easy fit</b><p>Vaco infit culpo reiciendis iusto quo coma arto demo. Mollitia vox aiunt vulgo cilicium comedo. Annus alienus tenus tempus. Villa neque bonus adeptio. Aggredior crustulum aut coniecto curtus. Adopto voluptates volaticus charisma ipsam audio sed cruciamentum. Comptus capto teres pauper clamo vel adulescens sit dolores.</p><img src=\'https://loremflickr.com/640/480/food?lock=1589690067058688\' alt=\'Not found\' /><br /><h2>Fantastic</h2><p>Aestus confero appono trado uredo aiunt advenio commodo voco. Argumentum adnuo acquiro demum cogo nemo admitto caveo. Solum assumenda cumque tergiversatio concido aperte celer voluptates. Arcus despecto verumtamen speculum correptius apud decretum utpote tubineus. Calco aurum derideo suggero dolor est astrum videlicet ars. Attero deorsum cenaculum tibi. Delectatio color deduco ver utique occaecati color adfero. Cursim angustus desino terga quo uxor calco usque fugit. Caries corporis laboriosam sed trepide defetiscor deduco excepturi. Curia explicabo odit succedo.</p><h2>Bronze</h2><p>Arto tertius apto vestrum porro solium vomer defleo. Auctus demergo tredecim taceo deinde. Vitiosus claro truculenter deleniti aequitas super. Patior utrimque esse expedita complectus vix baiulus collum. Caste tempore adfero accusator aranea. Concedo aro desipio desidero succedo usque. Umquam recusandae spiritus abbas voluptates minima demergo carbo civis.</p>', 593.45, 446.46, 12, 30.46, 'https://loremflickr.com/640/480/food?lock=5101514066493440,https://loremflickr.com/640/480/food?lock=110818473541632,https://loremflickr.com/640/480/food?lock=4382587908784128,https://loremflickr.com/640/480/food?lock=7305043199918080', '2023-12-02 06:57:20', '2023-12-02 06:57:20', 1),
(50, 'Practical Soft Sausages', 'The Football Is Good For Training And Recreational Purposes', '<h1>Practical Soft Sausages</h1><img src=\'https://loremflickr.com/640/480/food?lock=6818513798823936\' alt=\'Not found\' /><br /><b>The Football Is Good For Training And Recreational Purposes</b><p>Aduro communis sumptus nisi spiculum. Culpo possimus copia talus strues commodo amiculum desparatus. Vel nemo cado caelestis. Vilis absque cogito totam adhaero. Depono accendo votum concido utpote tero super. Consectetur bellicus decerno viriliter. Aequus nihil deficio super aestas explicabo conitor odio armarium. Tandem vigor capitulus velum arbustum aegrus recusandae vitiosus.</p><img src=\'https://loremflickr.com/640/480/food?lock=685386808426496\' alt=\'Not found\' /><br /><h2>Handcrafted</h2><p>Adsum curtus sed iure vulariter careo tener decens sapiente vilis. Constans alii suspendo. Abstergo suus tendo acidus decerno adnuo. Ex aequitas bestia temptatio statua vomito cum arceo aggero maxime. Officia ullus angulus. Libero quos catena calculus ad verumtamen terror sursum vinum. Cohibeo architecto conduco abbas deprecator advoco vos. Cubo tenax pauci. Capitulus volutabrum comparo eaque adipiscor minus sollers laudantium appono consequatur. Vitae defessus pauper video maxime abduco toties inflammatio calamitas.</p><h2>Fresh</h2><p>Stipes patior pecto cuius theologus traho corpus curso spiculum vomer. Cavus urbs aequus. Debilito nulla spoliatio defluo suppono succedo audacia. Terreo tamen id sufficio aequitas coniecto. Subvenio volup subvenio beneficium aegrotatio. Dignissimos comprehendo coepi comedo atque theca.</p>', 868.06, 538.86, 92, 78.04, 'https://loremflickr.com/640/480/food?lock=6818513798823936,https://loremflickr.com/640/480/food?lock=1200125430988800,https://loremflickr.com/640/480/food?lock=8012439381606400,https://loremflickr.com/640/480/food?lock=5812059738472448,https://loremflickr.com/640/480/food?lock=34867010076672,https://loremflickr.com/640/480/food?lock=773630879334400,https://loremflickr.com/640/480/food?lock=8247960232001536,https://loremflickr.com/640/480/food?lock=3338919699546112,https://loremflickr.com/640/480/food?lock=5241908930543616', '2023-12-02 06:57:29', '2023-12-02 06:57:29', 1),
(51, 'Ergonomic Concrete Tuna', 'Ergonomic executive chair upholstered in bonded black leather and PVC padded seat and back for all-day comfort and support', '<h1>Ergonomic Concrete Tuna</h1><img src=\'https://loremflickr.com/640/480/food?lock=4317639375585280\' alt=\'Not found\' /><br /><b>Ergonomic executive chair upholstered in bonded black leather and PVC padded seat and back for all-day comfort and support</b><p>Amaritudo administratio chirographum tempus defero spectaculum. Ultio cicuta clibanus tunc. Ambitus altus supplanto addo nihil adstringo. Attollo vito contra veniam abeo aureus. Corrigo cerno defaeco sollicito stipes thesaurus aqua aeger demum conspergo. Decimus sursum verbera validus. Angulus voluptas verumtamen paens tener adipisci suadeo.</p><img src=\'https://loremflickr.com/640/480/food?lock=3333237403287552\' alt=\'Not found\' /><br /><h2>Fantastic</h2><p>Una inventore cognomen. Charisma volubilis tibi adipiscor. Canis natus deporto vix cruciamentum. Anser verecundia admoneo vapulus. Aperte iste laborum vomica civitas quas defluo praesentium sortitus circumvenio. Cogo arceo conservo adstringo consequatur coaegresco circumvenio talio veritatis ipsa. Carmen caput voco tabesco cogo callide accedo degero vorago.</p><h2>Frozen</h2><p>Sto apto una ipsa cometes solus. Iusto ciminatio caute quaerat. Laudantium autem dignissimos curiositas tui armarium soleo cumque baiulus. Subnecto apud consequuntur animi. Arca maiores triumphus tempore. Tamen acerbitas voluptate. Tergum tutamen vereor animus. Tactus arto cogo tertius. Adsum alienus umerus capio.</p>', 582.04, 585.36, 72, 41.04, 'https://loremflickr.com/640/480/food?lock=4317639375585280,https://loremflickr.com/640/480/food?lock=8758044299100160,https://loremflickr.com/640/480/food?lock=5538326098477056,https://loremflickr.com/640/480/food?lock=4097639352107008,https://loremflickr.com/640/480/food?lock=8930662935429120', '2023-12-02 06:57:30', '2023-12-02 06:57:30', 1);

-- --------------------------------------------------------

--
-- Table structure for table `ReviewBlogs`
--

CREATE TABLE `ReviewBlogs` (
  `id` int(11) NOT NULL,
  `comment` varchar(500) NOT NULL,
  `createdAt` datetime NOT NULL,
  `updatedAt` datetime NOT NULL,
  `blog_id` int(11) DEFAULT NULL,
  `user_id` int(11) DEFAULT NULL
) ENGINE=InnoDB DEFAULT CHARSET=utf8mb4 COLLATE=utf8mb4_unicode_ci;

--
-- Dumping data for table `ReviewBlogs`
--

INSERT INTO `ReviewBlogs` (`id`, `comment`, `createdAt`, `updatedAt`, `blog_id`, `user_id`) VALUES
(1, 'Coniuratio nisi defero vester alter. Esse vis venustas expedita. Deficio thorax paens adsidue compono.', '2023-12-04 10:08:34', '2023-12-04 10:08:34', 12, 6),
(2, 'Ocer dedico crur abscido ulciscor verbum adiuvo viridis. Torqueo venustas animadverto volo appono tantillus agnitio.', '2023-12-04 10:08:45', '2023-12-04 10:08:45', 37, 5),
(3, 'Comptus sed appono vigor. Territo corrupti denego.', '2023-12-04 10:08:46', '2023-12-04 10:08:46', 26, 4),
(4, 'Audax thesaurus voco super adulescens ratione umerus pecco advoco. Aiunt ater summopere.', '2023-12-04 10:08:46', '2023-12-04 10:08:46', 30, 2),
(5, 'Uter thesis sperno deduco sperno auxilium ventus delego ipsam.', '2023-12-04 10:08:47', '2023-12-04 10:08:47', 44, 7),
(6, 'Templum eos eligendi triumphus cogito valde. Debitis victoria cruentus. Auctor vacuus vindico.', '2023-12-04 10:08:47', '2023-12-04 10:08:47', 29, 4),
(7, 'Deinde vorax celebrer debeo sui bestia administratio uxor. Spero auxilium vobis comes angelus auctor atqui.', '2023-12-04 10:08:47', '2023-12-04 10:08:47', 48, 7),
(8, 'Totam acer denuncio tametsi ars tutis sopor.', '2023-12-04 10:08:47', '2023-12-04 10:08:47', 40, 3),
(9, 'Corrigo crustulum cilicium natus collum amet.', '2023-12-04 10:08:48', '2023-12-04 10:08:48', 41, 6),
(10, 'Verto terminatio cena caecus.', '2023-12-04 10:08:48', '2023-12-04 10:08:48', 19, 4),
(11, 'Inventore tepidus solio adnuo laudantium carbo ver vociferor celebrer. Deleo corrigo cruciamentum ambitus adeo depulso caelestis teres amoveo tamisium. Ventosus succurro patrocinor saepe.', '2023-12-04 10:08:48', '2023-12-04 10:08:48', 18, 2),
(12, 'Desparatus sordeo paens aetas crapula tamen.', '2023-12-04 10:08:48', '2023-12-04 10:08:48', 33, 2),
(13, 'Succurro certus administratio cultura. In ubi quae quae somnus demitto tendo.', '2023-12-04 10:08:48', '2023-12-04 10:08:48', 12, 6),
(14, 'Clibanus ars depono. Aureus temporibus tergeo triumphus facilis.', '2023-12-04 10:08:48', '2023-12-04 10:08:48', 9, 2),
(15, 'Molestiae amicitia alii. Clam arbitro magni utrum. Quibusdam rem ars creo eligendi utor suggero tondeo aptus.', '2023-12-04 10:08:49', '2023-12-04 10:08:49', 1, 10),
(16, 'Comes demens odio sum adfectus conculco xiphias id ab.', '2023-12-04 10:08:49', '2023-12-04 10:08:49', 37, 9),
(17, 'Corroboro ascisco deinde statim autem nihil ventito trado impedit vacuus. Agnitio contego defendo.', '2023-12-04 10:08:49', '2023-12-04 10:08:49', 16, 2),
(18, 'Cohibeo denique comprehendo fugit coerceo vesper itaque.', '2023-12-04 10:08:49', '2023-12-04 10:08:49', 32, 8),
(19, 'Aufero aedificium conspergo vae rem sumptus vorax cupressus depromo facilis. Tero aggredior verbum.', '2023-12-04 10:08:49', '2023-12-04 10:08:49', 42, 1),
(20, 'Ago vacuus venio umerus cicuta cur.', '2023-12-04 10:08:49', '2023-12-04 10:08:49', 3, 6),
(21, 'Trado officia comminor venia degusto. Demum amplexus cras tenax laboriosam sequi tot vetus vilicus assumenda.', '2023-12-04 10:08:49', '2023-12-04 10:08:49', 37, 8),
(22, 'Cognatus velit strues theatrum animus.', '2023-12-04 10:08:50', '2023-12-04 10:08:50', 34, 10),
(23, 'Occaecati umbra velit canto arcus veritatis. Ter sonitus uxor decretum.', '2023-12-04 10:08:50', '2023-12-04 10:08:50', 35, 7),
(24, 'Torrens corporis creo vivo amissio aut. Crapula video creber vere fugiat crustulum suppellex. Hic tabula adicio arbor tenax vae.', '2023-12-04 10:08:50', '2023-12-04 10:08:50', 12, 2),
(25, 'Necessitatibus defessus textus. Sed vilicus curia clam delectatio. Vespillo cimentarius adulescens contra agnitio inflammatio cohaero cui.', '2023-12-04 10:08:50', '2023-12-04 10:08:50', 11, 9),
(26, 'Aqua crinis tempora facilis adhaero vulgivagus basium atavus argumentum.', '2023-12-04 10:08:50', '2023-12-04 10:08:50', 2, 10),
(27, 'Suspendo doloribus nostrum verto celebrer statua cibo aro.', '2023-12-04 10:08:50', '2023-12-04 10:08:50', 6, 7),
(28, 'Esse torrens artificiose demo aequus utrimque creber coruscus valde angulus. Argumentum clementia bellum vilis toties coadunatio cervus demulceo. Tempore clamo denuo cuius valde vetus advoco odio venia.', '2023-12-04 10:08:51', '2023-12-04 10:08:51', 17, 7),
(29, 'Officiis terra ademptio. Sufficio comitatus blandior sed officiis aranea voluptate. Callide voluptatum molestiae.', '2023-12-04 10:08:51', '2023-12-04 10:08:51', 17, 3),
(30, 'Assumenda desolo sumo vilicus sunt tripudio statua aetas tamen.', '2023-12-04 10:08:51', '2023-12-04 10:08:51', 9, 1),
(31, 'Aranea tibi concedo paulatim toties vulgivagus itaque.', '2023-12-04 10:08:51', '2023-12-04 10:08:51', 50, 2),
(32, 'Qui truculenter similique vilitas vobis. Depereo blandior vomer curso peccatus tui cunctatio provident.', '2023-12-04 10:08:51', '2023-12-04 10:08:51', 50, 3),
(33, 'Approbo cunabula cerno fuga vester. Venio conventus vox deporto conitor vester caute voco armarium. Quis uter debitis.', '2023-12-04 10:08:52', '2023-12-04 10:08:52', 51, 8),
(34, 'Qui umquam concedo solum derelinquo sunt trepide vulgivagus angustus cultura. Vilis clam despecto. Cito compello cogo centum.', '2023-12-04 10:08:52', '2023-12-04 10:08:52', 32, 8),
(35, 'Ustilo demum stultus.', '2023-12-04 10:08:52', '2023-12-04 10:08:52', 22, 9),
(36, 'Copiose arceo harum.', '2023-12-04 10:08:52', '2023-12-04 10:08:52', 13, 10),
(37, 'Pecco curatio terreo corpus synagoga cunae. Avaritia corrumpo uberrime tempore damno soluta usque sint consuasor.', '2023-12-04 10:08:52', '2023-12-04 10:08:52', 3, 3),
(38, 'Amiculum color blanditiis valde centum bonus.', '2023-12-04 10:08:52', '2023-12-04 10:08:52', 41, 5),
(39, 'Timidus crapula anser chirographum synagoga tollo sopor utrum patruus. Contigo deinde vulgaris ciminatio sperno adsuesco voro. Spes neque patrocinor correptius.', '2023-12-04 10:08:53', '2023-12-04 10:08:53', 10, 6),
(40, 'Quasi amplexus corrupti decipio voluptate celebrer videlicet. Alienus apparatus virtus cubicularis averto curo.', '2023-12-04 10:08:53', '2023-12-04 10:08:53', 43, 6),
(41, 'Utilis decor delicate aeger abundans praesentium theca cohibeo inflammatio soleo. Brevis adiuvo quae antea curvo canonicus conspergo. Comedo iste in charisma vicinus.', '2023-12-04 10:08:53', '2023-12-04 10:08:53', 1, 4),
(42, 'Soleo alveus usus aurum vitiosus assumenda sophismata verus.', '2023-12-04 10:08:53', '2023-12-04 10:08:53', 35, 9),
(43, 'Commodi vinum civitas cotidie sub desidero argumentum certus conspergo perferendis. Dedico aggero deinde cruciamentum tamdiu vinculum maxime. Armarium vis peior taedium conspergo denique comburo amplus taedium.', '2023-12-04 10:08:53', '2023-12-04 10:08:53', 10, 3),
(44, 'Summopere villa caput tener cornu. Adfero adfero succurro sophismata incidunt sulum nostrum atrox apostolus tendo.', '2023-12-04 10:08:53', '2023-12-04 10:08:53', 11, 10),
(45, 'Succedo vinculum tracto vir allatus. Defetiscor voluptatibus amor bestia trans cunctatio comes defendo patrocinor decipio.', '2023-12-04 10:08:54', '2023-12-04 10:08:54', 20, 10),
(46, 'Vergo centum tendo decipio sustineo pariatur aequus laborum cicuta.', '2023-12-04 10:08:54', '2023-12-04 10:08:54', 35, 6),
(47, 'Cognatus vis a uberrime sodalitas vicissitudo articulus textus cotidie carus.', '2023-12-04 10:08:54', '2023-12-04 10:08:54', 32, 6),
(48, 'Crastinus ars cado ustulo patrocinor coaegresco in illum. Arma alveus aeternus ullam cornu tandem. Suggero sodalitas ver solutio somnus.', '2023-12-04 10:08:54', '2023-12-04 10:08:54', 16, 1),
(49, 'Inventore voluptas sto astrum est cibo decor soleo. Tenetur magnam audax vester cultellus socius utrimque illo. Ager dolorem explicabo unus socius celebrer numquam.', '2023-12-04 10:08:54', '2023-12-04 10:08:54', 30, 2),
(50, 'Tener cervus beatus centum desipio aperio.', '2023-12-04 10:08:55', '2023-12-04 10:08:55', 23, 4),
(51, 'Voluptatum culpo amicitia voco. Nesciunt alias cruentus clamo celer desidero. Apto condico cogo acsi ustulo acervus laudantium.', '2023-12-04 10:08:55', '2023-12-04 10:08:55', 9, 8),
(52, 'Cresco sordeo sollers.', '2023-12-04 10:08:55', '2023-12-04 10:08:55', 11, 3),
(53, 'Pectus cur suppono adamo eveniet volup talio terebro voco aestivus. Advenio contego damnatio colo arcus. Crebro carbo validus necessitatibus curto sperno ventosus.', '2023-12-04 10:08:55', '2023-12-04 10:08:55', 27, 1),
(54, 'Terreo non utor. Succurro vesco ancilla tum utilis. Bardus territo virga.', '2023-12-04 10:08:55', '2023-12-04 10:08:55', 13, 10),
(55, 'Vito iste abduco quod voluptas verus carcer vester.', '2023-12-04 10:08:55', '2023-12-04 10:08:55', 16, 6),
(56, 'Curriculum cumque hic turpis vivo. Victus correptius sodalitas impedit conforto thalassinus vos cubitum statim. Astrum vacuus curso sonitus claustrum deficio arca.', '2023-12-04 10:08:56', '2023-12-04 10:08:56', 33, 3),
(57, 'Curis saepe totus cuius. Comedo bibo barba decens conqueror tam. Curtus cilicium sursum contra optio derideo verbum timor.', '2023-12-04 10:08:56', '2023-12-04 10:08:56', 15, 5),
(58, 'Comedo officiis basium conturbo avaritia paens tristis charisma possimus. Ad victoria vicissitudo truculenter cupressus. Eveniet voluntarius tutis ait advoco depulso autus adicio demulceo.', '2023-12-04 10:08:56', '2023-12-04 10:08:56', 21, 9),
(59, 'Cibo voluptas decens.', '2023-12-04 10:08:56', '2023-12-04 10:08:56', 2, 10),
(60, 'Stips vicinus illo thalassinus benevolentia adimpleo soleo voro.', '2023-12-04 10:08:56', '2023-12-04 10:08:56', 38, 5),
(61, 'Aeternus angulus quisquam aliquam demergo denique adhuc.', '2023-12-04 10:08:57', '2023-12-04 10:08:57', 27, 10),
(62, 'Capitulus sonitus voro clarus cohibeo allatus conicio dolor pariatur.', '2023-12-04 10:08:57', '2023-12-04 10:08:57', 48, 6),
(63, 'Vis suscipit textus canonicus. Totus sopor peccatus absconditus usque via. Adicio cursus surculus aer abundans dignissimos supplanto talis.', '2023-12-04 10:08:57', '2023-12-04 10:08:57', 4, 8),
(64, 'Spiritus credo confido tepesco super synagoga creber. Desidero antepono carpo talus bardus. Templum qui demergo conspergo viridis ultio certus aurum vel tergum.', '2023-12-04 10:08:57', '2023-12-04 10:08:57', 29, 5),
(65, 'Utroque uredo valeo custodia pauper amoveo cernuus tolero.', '2023-12-04 10:08:57', '2023-12-04 10:08:57', 17, 4),
(66, 'Tribuo degero cometes tribuo sodalitas voluptates tandem.', '2023-12-04 10:08:57', '2023-12-04 10:08:57', 43, 2),
(67, 'Adhaero curo demens adeo bibo accusamus acquiro. Valetudo demum verumtamen totidem.', '2023-12-04 10:08:58', '2023-12-04 10:08:58', 11, 6),
(68, 'Verto urbs considero abundans allatus at corrumpo. Saepe vis corroboro cunctatio. Sumo ultra bestia.', '2023-12-04 10:08:58', '2023-12-04 10:08:58', 38, 9),
(69, 'Peccatus quaerat summopere averto.', '2023-12-04 10:08:58', '2023-12-04 10:08:58', 42, 3),
(70, 'Tenetur corona ars capto venustas dedecor paens vestigium. Corporis animi caelestis aduro accommodo sequi accusantium vergo contigo sopor.', '2023-12-04 10:08:58', '2023-12-04 10:08:58', 48, 4),
(71, 'Aqua ambulo inventore curtus cura utilis. Decens conatus demens. Sumo calcar beatae tantum vado fuga curto cresco tam.', '2023-12-04 10:08:58', '2023-12-04 10:08:58', 45, 9),
(72, 'Super uberrime vinculum animi facere peccatus bellicus vos carus. Dolor contego aestas sophismata apostolus vaco.', '2023-12-04 10:08:59', '2023-12-04 10:08:59', 13, 9),
(73, 'Amicitia benevolentia astrum alter commemoro acerbitas consequuntur uxor thesaurus.', '2023-12-04 10:08:59', '2023-12-04 10:08:59', 17, 4),
(74, 'Urbanus cursim qui aiunt universe debeo temperantia vestigium tibi tui. Derelinquo acies voluptas tertius apto vorago ventosus. Solum crebro talis caecus tripudio.', '2023-12-04 10:08:59', '2023-12-04 10:08:59', 39, 3),
(75, 'Omnis patria venustas. Temeritas cariosus surgo.', '2023-12-04 10:08:59', '2023-12-04 10:08:59', 39, 6),
(76, 'Aedificium apparatus constans aestas.', '2023-12-04 10:09:00', '2023-12-04 10:09:00', 27, 2),
(77, 'Rem utrum ventus tametsi tot vindico solvo consequuntur repudiandae. Spiculum dolor cohibeo ipsam thymum.', '2023-12-04 10:09:00', '2023-12-04 10:09:00', 31, 5),
(78, 'Copia viridis vacuus tego colo.', '2023-12-04 10:09:00', '2023-12-04 10:09:00', 34, 6),
(79, 'Quis itaque tremo beneficium stultus eveniet cohaero coadunatio. Arcesso uterque basium temperantia esse.', '2023-12-04 10:09:00', '2023-12-04 10:09:00', 9, 10),
(80, 'Vulgus suffragium caritas a vero infit abeo. Adfectus mollitia denego error tamquam dens arx venustas demonstro verus. Ut asperiores illo congregatio inventore vacuus atrocitas conor ancilla substantia.', '2023-12-04 10:09:00', '2023-12-04 10:09:00', 5, 4),
(81, 'Defendo solum usque decerno maxime tot conor.', '2023-12-04 10:09:01', '2023-12-04 10:09:01', 10, 7),
(82, 'Aeger veniam ad architecto degero. Repudiandae capillus atrox tego certus. Tutamen contigo temeritas tonsor depraedor corporis conqueror surgo crepusculum cupiditate.', '2023-12-04 10:09:01', '2023-12-04 10:09:01', 40, 5),
(83, 'Validus theca uxor desparatus cotidie thermae. Thorax causa consuasor harum.', '2023-12-04 10:09:01', '2023-12-04 10:09:01', 32, 10),
(84, 'Videlicet carbo venia audentia corpus sono. Super strenuus veritas corroboro alioqui alii non aggero.', '2023-12-04 10:09:01', '2023-12-04 10:09:01', 32, 7),
(85, 'Artificiose aestas socius. Enim crur qui consectetur theatrum victus.', '2023-12-04 10:09:01', '2023-12-04 10:09:01', 14, 1),
(86, 'Vociferor calco appello venustas corona sono pariatur culpa arcesso ratione.', '2023-12-04 10:09:02', '2023-12-04 10:09:02', 32, 10),
(87, 'Paulatim patrocinor derideo. Alioqui fugit earum ocer subnecto. Alioqui crudelis vomica.', '2023-12-04 10:09:02', '2023-12-04 10:09:02', 19, 7),
(88, 'Talis ulciscor iusto solus conqueror stipes vado conitor possimus. Dolores deludo dolorum abduco vitium caelestis surculus stultus correptius cena.', '2023-12-04 10:09:02', '2023-12-04 10:09:02', 18, 1),
(89, 'Hic denego statim undique. Comitatus cupiditate desparatus. Denego ait votum nisi molestiae.', '2023-12-04 10:09:02', '2023-12-04 10:09:02', 51, 3),
(90, 'Repudiandae circumvenio tepidus asporto amor unus cum.', '2023-12-04 10:09:02', '2023-12-04 10:09:02', 3, 10),
(91, 'Comedo capio repudiandae veritatis quas. Non condico facilis vomer acer quas audacia cometes deduco.', '2023-12-04 10:09:02', '2023-12-04 10:09:02', 15, 3),
(92, 'Cerno aliquam calamitas vestigium voluptatum. Utroque abduco abutor nobis demum somnus. Cubicularis aequus argumentum claustrum stipes baiulus quia culpa certus vinitor.', '2023-12-04 10:09:03', '2023-12-04 10:09:03', 38, 5),
(93, 'Voco cunae pecus expedita vae cimentarius.', '2023-12-04 10:09:03', '2023-12-04 10:09:03', 14, 5),
(94, 'Amoveo libero curto tenus surgo depraedor alter adaugeo. Quae conscendo condico at.', '2023-12-04 10:09:03', '2023-12-04 10:09:03', 8, 10),
(95, 'Colo balbus sordeo adaugeo iusto cubicularis. Sunt tibi volaticus comitatus degero. Dolorum cohibeo depulso confido viscus sodalitas tempus accusator.', '2023-12-04 10:09:03', '2023-12-04 10:09:03', 20, 6),
(96, 'Causa cetera templum conspergo statua voluptates. Tunc urbanus somniculosus tendo conscendo alius volaticus. Creta minus molestias.', '2023-12-04 10:09:03', '2023-12-04 10:09:03', 24, 7),
(97, 'Sortitus sopor uter peccatus caute sortitus aggredior solvo viridis sumptus. Canis demitto trucido totam deserunt contigo. Tamdiu sustineo curiositas commodi vestigium suasoria.', '2023-12-04 10:09:04', '2023-12-04 10:09:04', 49, 10),
(98, 'Pecco apparatus arbustum color accusantium ipsa valens cetera. Tracto confugo sequi arbitro adhuc curia tabella cupio. Stillicidium caste corpus amplus comprehendo conqueror cogito sollers dedecor angelus.', '2023-12-04 10:09:04', '2023-12-04 10:09:04', 27, 7),
(99, 'Umbra acceptus cito. Trans contigo corrigo addo a ullus surculus crastinus officia adulescens. Abutor complectus circumvenio.', '2023-12-04 10:09:04', '2023-12-04 10:09:04', 30, 10),
(100, 'Tactus ut nostrum audax possimus cognatus.', '2023-12-04 10:09:04', '2023-12-04 10:09:04', 20, 4),
(101, 'Ventosus tenus thermae amplitudo decimus saepe antiquus patria addo denuo. Clarus cilicium conicio dedecor videlicet victoria abeo. Utor similique accommodo libero cras depromo.', '2023-12-04 10:09:04', '2023-12-04 10:09:04', 25, 5),
(102, 'Demum congregatio autus. Animus victus cibus viscus dedecor abeo campana tutamen ciminatio. Ciminatio sodalitas usitas volva venia ambulo comptus odio delectus.', '2023-12-04 10:09:05', '2023-12-04 10:09:05', 42, 6),
(103, 'Vos vehemens super pel titulus cohors. Conitor caelestis caecus.', '2023-12-04 10:09:05', '2023-12-04 10:09:05', 45, 9),
(104, 'Arbustum cognatus aestivus est apud canonicus supplanto.', '2023-12-04 10:09:05', '2023-12-04 10:09:05', 31, 10),
(105, 'Capitulus subnecto libero ultio. Undique demonstro ultra adduco tertius censura.', '2023-12-04 10:09:05', '2023-12-04 10:09:05', 20, 9),
(106, 'Via acquiro accommodo stella. Cavus arto defetiscor atque sperno umquam cura ustulo acervus. Aurum universe tremo compono angustus.', '2023-12-04 10:09:06', '2023-12-04 10:09:06', 31, 6),
(107, 'Canonicus asper villa sint.', '2023-12-04 10:09:06', '2023-12-04 10:09:06', 16, 6),
(108, 'Synagoga credo volva uter angustus incidunt.', '2023-12-04 10:09:06', '2023-12-04 10:09:06', 30, 3),
(109, 'Adflicto aestus alo necessitatibus dens. Autus desolo unus adipisci caries quibusdam acidus bis calculus adsum. Vulariter aranea addo adversus comis.', '2023-12-04 10:09:06', '2023-12-04 10:09:06', 39, 1);

-- --------------------------------------------------------

--
-- Table structure for table `ReviewProducts`
--

CREATE TABLE `ReviewProducts` (
  `id` int(11) NOT NULL,
  `comment` varchar(500) NOT NULL,
  `star` int(11) NOT NULL,
  `createdAt` datetime NOT NULL,
  `updatedAt` datetime NOT NULL,
  `product_id` int(11) DEFAULT NULL,
  `user_id` int(11) DEFAULT NULL
) ENGINE=InnoDB DEFAULT CHARSET=utf8mb4 COLLATE=utf8mb4_unicode_ci;

--
-- Dumping data for table `ReviewProducts`
--

INSERT INTO `ReviewProducts` (`id`, `comment`, `star`, `createdAt`, `updatedAt`, `product_id`, `user_id`) VALUES
(1, 'Sublime.', 3, '2023-12-03 10:25:30', '2023-12-03 10:25:30', 39, 9),
(2, 'Talis dolores.', 2, '2023-12-03 10:25:37', '2023-12-03 10:25:37', 5, 5),
(3, 'Benigne ducimus tendo.', 2, '2023-12-03 10:25:38', '2023-12-03 10:25:38', 10, 9),
(4, 'Bestia valens.', 4, '2023-12-03 10:25:39', '2023-12-03 10:25:39', 9, 4),
(5, 'Adulescens denego claudeo curto tamquam ter.', 4, '2023-12-03 10:26:16', '2023-12-03 10:26:16', 35, 1),
(6, 'Alius concedo adicio pauci confido vitae victus.', 5, '2023-12-03 10:26:51', '2023-12-03 10:26:51', 27, 9),
(7, 'Adduco deputo fugiat tribuo inventore.', 4, '2023-12-03 10:26:52', '2023-12-03 10:26:52', 14, 4),
(8, 'Vetus torrens laboriosam beneficium tero tamen bos dolores.', 5, '2023-12-03 10:26:54', '2023-12-03 10:26:54', 23, 10),
(9, 'Venio centum valens dolores creber bestia vinco caecus stipes claudeo. Sto supplanto verbera patria.', 5, '2023-12-03 10:26:56', '2023-12-03 10:26:56', 31, 4),
(10, 'Aedificium currus agnitio.', 2, '2023-12-03 10:26:58', '2023-12-03 10:26:58', 41, 2),
(11, 'Apparatus appono attero. Advoco talio corroboro.', 2, '2023-12-03 10:27:08', '2023-12-03 10:27:08', 37, 8),
(12, 'Degenero calculus aedificium abduco ipsam. Ratione delibero accedo amaritudo curia tabula approbo avarus pel claro. Talis communis votum vero ducimus cruciamentum voluptates aranea aptus.', 2, '2023-12-03 10:27:41', '2023-12-03 10:27:41', 3, 10),
(13, 'Occaecati arma vito clarus solutio. Adeptio apparatus cariosus sursum.', 5, '2023-12-03 10:27:42', '2023-12-03 10:27:42', 45, 10),
(14, 'Corona apparatus deripio depopulo vesco ab animadverto sperno. Vulgaris ustilo vigor claudeo saepe deleo triduana vivo cetera libero. Dedico expedita ascisco appono carus subiungo admiratio traho curo aequus.', 3, '2023-12-03 10:27:42', '2023-12-03 10:27:42', 7, 4),
(15, 'Cornu cubo certe aliquid.', 1, '2023-12-03 10:27:42', '2023-12-03 10:27:42', 23, 1),
(16, 'Expedita explicabo civis vilitas agnitio sono pecco alter aeternus.', 5, '2023-12-03 10:27:42', '2023-12-03 10:27:42', 18, 8),
(17, 'Totus utique crux nesciunt uterque statua nulla aestas animadverto.', 3, '2023-12-03 10:27:43', '2023-12-03 10:27:43', 33, 6),
(18, 'Cohors sordeo comprehendo ventosus tabella appositus quasi. Cruentus summa colo coma alveus sonitus despecto cunctatio torqueo vir. Ducimus peior decimus adhuc deorsum arguo debitis velum cometes.', 1, '2023-12-03 10:27:43', '2023-12-03 10:27:43', 14, 8),
(19, 'Tunc tempore curis theologus iusto urbanus bis.', 3, '2023-12-03 10:27:43', '2023-12-03 10:27:43', 26, 6),
(20, 'Varietas cubitum textilis claro aperiam speciosus.', 4, '2023-12-03 10:27:43', '2023-12-03 10:27:43', 26, 4),
(21, 'Tonsor consuasor corroboro apto attero casus crastinus amplus. Arto comes curso.', 5, '2023-12-03 10:27:43', '2023-12-03 10:27:43', 1, 6),
(22, 'Decerno bis tantum aestas. Quos ager depromo demens comprehendo vitae aer crustulum caries.', 2, '2023-12-03 10:27:44', '2023-12-03 10:27:44', 43, 10),
(23, 'Spiritus tempus depono. Tot taedium torqueo uberrime ademptio.', 1, '2023-12-03 10:27:44', '2023-12-03 10:27:44', 48, 3),
(24, 'Crapula spiculum adfero officia amoveo pariatur catena admiratio tamisium.', 1, '2023-12-03 10:27:44', '2023-12-03 10:27:44', 31, 7),
(25, 'Demonstro aegrus auctor totus angulus. Amita praesentium barba vomito caelum laboriosam super. Cibus tabernus apostolus quae teneo ter suspendo.', 3, '2023-12-03 10:27:45', '2023-12-03 10:27:45', 33, 8),
(26, 'Cogito beatus patria calamitas fugit degenero terreo. Delicate corrumpo labore delicate eaque amo utique templum. Corrigo ipsam venustas pecco maiores doloremque sustineo atavus tenetur aut.', 1, '2023-12-03 10:27:45', '2023-12-03 10:27:45', 35, 4),
(27, 'Laboriosam auctor sumo vulticulus suffoco damnatio cohaero. Concido textilis defaeco considero aut corpus ulciscor articulus laudantium.', 1, '2023-12-03 10:27:45', '2023-12-03 10:27:45', 22, 2),
(28, 'Talus valetudo corrumpo audacia desidero vindico.', 1, '2023-12-03 10:27:45', '2023-12-03 10:27:45', 25, 2),
(29, 'Aeger angustus quia deprimo. Adaugeo ocer vallum curtus modi admoveo suscipio absque caelum canonicus.', 1, '2023-12-03 10:27:45', '2023-12-03 10:27:45', 47, 4),
(30, 'Vociferor debitis fuga utor accommodo deprimo. Degenero curvo nihil convoco vereor ademptio adicio. Valde accusator tot conor aegre appello.', 2, '2023-12-03 10:27:46', '2023-12-03 10:27:46', 48, 1),
(31, 'Magnam sum caelum tredecim aequus.', 3, '2023-12-03 10:27:46', '2023-12-03 10:27:46', 50, 6),
(32, 'Vulgo tristis textus vulgaris uberrime.', 1, '2023-12-03 10:27:47', '2023-12-03 10:27:47', 36, 3),
(33, 'Dapifer creo decipio peccatus vergo asperiores nam defero alii tandem. Occaecati totidem recusandae validus tenus demo.', 4, '2023-12-03 10:27:47', '2023-12-03 10:27:47', 31, 1),
(34, 'Aer et virga crebro tandem trepide colo.', 2, '2023-12-03 10:27:48', '2023-12-03 10:27:48', 18, 6),
(35, 'Audentia arto tenuis bardus. Verecundia caput natus aranea defaeco uredo amaritudo sodalitas cunae conturbo.', 2, '2023-12-03 10:27:48', '2023-12-03 10:27:48', 46, 9),
(36, 'Aspernatur tempore statua aeger exercitationem bos contra villa amor. Totidem ustilo trepide decretum defleo video omnis copia confugo vergo. Congregatio sol aeternus valde.', 5, '2023-12-03 10:27:48', '2023-12-03 10:27:48', 49, 6),
(37, 'Acer caelestis apparatus cariosus defaeco caries temporibus natus inventore.', 1, '2023-12-03 10:27:48', '2023-12-03 10:27:48', 31, 1),
(38, 'Conforto animi cerno vaco ater spiculum timidus surculus. Tabernus patior reiciendis sulum deleo ratione. Patior solio accusamus veniam adulatio cohaero supplanto truculenter adeo.', 1, '2023-12-03 10:27:48', '2023-12-03 10:27:48', 13, 3),
(39, 'Compono cohors sortitus vilitas nam.', 4, '2023-12-03 10:27:49', '2023-12-03 10:27:49', 8, 2),
(40, 'Nihil aestas aeternus error censura aspernatur pariatur torqueo. Tam crapula placeat audeo adduco.', 1, '2023-12-03 10:27:49', '2023-12-03 10:27:49', 43, 9),
(41, 'Aperio colo occaecati a nemo conicio suspendo. Stabilis anser adfero adsum constans.', 1, '2023-12-03 10:27:49', '2023-12-03 10:27:49', 27, 5),
(42, 'Voluptatibus correptius maxime. Tolero arto decipio atqui cena comptus subseco cohors. Trans deleo bibo.', 5, '2023-12-03 10:27:49', '2023-12-03 10:27:49', 3, 2),
(43, 'Victoria eum cunabula arguo caelum vereor auctor deorsum necessitatibus creator. Tabernus harum subito celebrer.', 5, '2023-12-03 10:27:49', '2023-12-03 10:27:49', 10, 9),
(44, 'Tredecim suggero velociter arca voluntarius taceo. Conturbo amicitia vado theatrum valens creator sum quasi dedico.', 5, '2023-12-03 10:27:50', '2023-12-03 10:27:50', 16, 10),
(45, 'Vitiosus adicio sodalitas distinctio sodalitas. Adinventitias repellat dedecor degusto debitis tactus.', 4, '2023-12-03 10:27:50', '2023-12-03 10:27:50', 10, 6),
(46, 'Amplus vinco spargo. Degusto demulceo necessitatibus ancilla. Confugo curriculum fugiat alveus cupiditate causa spes sperno aequitas tracto.', 2, '2023-12-03 10:27:50', '2023-12-03 10:27:50', 21, 7),
(47, 'Consequuntur arcus sed vinum cubitum crux.', 2, '2023-12-03 10:27:50', '2023-12-03 10:27:50', 16, 8),
(48, 'Traho theologus animi.', 4, '2023-12-03 10:27:50', '2023-12-03 10:27:50', 6, 2),
(49, 'Carcer contabesco cunabula deripio architecto rerum deporto sub.', 3, '2023-12-03 10:27:51', '2023-12-03 10:27:51', 46, 2),
(50, 'Vesica suppono dolorum traho. Delectatio cribro derideo.', 4, '2023-12-03 10:27:51', '2023-12-03 10:27:51', 31, 5),
(51, 'Textus conor copia cenaculum umerus avarus tergum.', 2, '2023-12-03 10:27:51', '2023-12-03 10:27:51', 23, 2),
(52, 'Synagoga uxor currus similique degenero. Alo tardus vere verbum abscido ultra. Callide agnosco vulgo tubineus ver bardus sono autus ipsum vae.', 4, '2023-12-03 10:27:51', '2023-12-03 10:27:51', 5, 9),
(53, 'Trepide eius pecus summopere tabgo stillicidium tametsi antepono ultio conitor.', 2, '2023-12-03 10:27:51', '2023-12-03 10:27:51', 2, 3),
(54, 'Desolo defaeco denuncio amiculum ait eos sonitus spes atrox. Cedo solio templum.', 2, '2023-12-03 10:27:52', '2023-12-03 10:27:52', 18, 3),
(55, 'Deprimo caute corpus magni utrimque.', 1, '2023-12-03 10:27:52', '2023-12-03 10:27:52', 3, 3),
(56, 'Cohibeo clam causa solio vester accusamus somniculosus bardus calcar aurum. Tutis certus sustineo sunt decimus arcesso. Appositus adulatio colligo summisse animus attollo thalassinus id dedico torrens.', 5, '2023-12-03 10:27:52', '2023-12-03 10:27:52', 10, 9),
(57, 'Deprimo sapiente subvenio aspicio viscus. Benigne fugiat odit aro.', 2, '2023-12-03 10:27:52', '2023-12-03 10:27:52', 29, 10),
(58, 'Alveus pax triumphus addo paens claustrum desipio delicate. Arbitro absorbeo facilis temporibus cuius spiculum denuncio videlicet.', 3, '2023-12-03 10:27:52', '2023-12-03 10:27:52', 1, 2),
(59, 'Demum ago illum summopere curso infit aspicio.', 3, '2023-12-03 10:27:52', '2023-12-03 10:27:52', 10, 3),
(60, 'Ulciscor spero cito comes aperio vetus spero collum.', 5, '2023-12-03 10:27:53', '2023-12-03 10:27:53', 23, 5),
(61, 'Saepe demens tero charisma decipio harum utpote.', 3, '2023-12-03 10:27:53', '2023-12-03 10:27:53', 8, 9),
(62, 'Defluo a tergiversatio aggero vitium stultus torqueo.', 1, '2023-12-03 10:27:53', '2023-12-03 10:27:53', 42, 3),
(63, 'Crustulum eligendi ustulo abeo umquam.', 2, '2023-12-03 10:27:53', '2023-12-03 10:27:53', 47, 4),
(64, 'Ambulo defero videlicet. Vomito animus tabella thema corroboro creptio vito aestas tripudio depromo.', 1, '2023-12-03 10:27:54', '2023-12-03 10:27:54', 24, 10),
(65, 'Cupiditate strenuus aliqua alii amaritudo. Defero brevis abbas. Varius audax coerceo denuo valetudo traho adhaero.', 5, '2023-12-03 10:27:55', '2023-12-03 10:27:55', 25, 2),
(66, 'Angustus delibero vilis depraedor amita.', 4, '2023-12-03 10:27:55', '2023-12-03 10:27:55', 50, 9),
(67, 'Callide vos attero nesciunt.', 5, '2023-12-03 10:27:55', '2023-12-03 10:27:55', 23, 2),
(68, 'Apud certe aliquid advoco. Voluptates tergiversatio succedo audacia sumptus suppellex.', 2, '2023-12-03 10:27:55', '2023-12-03 10:27:55', 51, 1),
(69, 'Coniecto curia concido utor cursus possimus. Conitor laudantium vetus spero textilis cubicularis. Arceo subseco comptus ver conor tendo conservo ager.', 3, '2023-12-03 10:27:55', '2023-12-03 10:27:55', 7, 9),
(70, 'Paens illum vaco demergo totam delectus varius defessus.', 2, '2023-12-03 10:27:55', '2023-12-03 10:27:55', 33, 2),
(71, 'Tredecim capio optio armarium vulnus trucido odio. Eos atrocitas clam illum dolores quisquam recusandae.', 4, '2023-12-03 10:27:56', '2023-12-03 10:27:56', 26, 7),
(72, 'Rem carmen viscus. Cattus calculus derideo contigo antiquus ater aliquid tactus vitium. Votum undique carus vester.', 5, '2023-12-03 10:27:56', '2023-12-03 10:27:56', 41, 6),
(73, 'Vespillo bis earum tenetur clarus. Conatus comedo vinculum similique voluptatum atavus conatus.', 1, '2023-12-03 10:27:56', '2023-12-03 10:27:56', 11, 6),
(74, 'Thorax minus bellicus velit umbra arca ara illo clementia.', 1, '2023-12-03 10:27:56', '2023-12-03 10:27:56', 5, 7),
(75, 'Carmen velit nemo triumphus aurum decipio avarus. Aveho tricesimus ambitus beneficium ait.', 4, '2023-12-03 10:27:57', '2023-12-03 10:27:57', 1, 9),
(76, 'Quibusdam allatus compono degenero. Advoco caecus apto adstringo tredecim thema causa causa. Villa theatrum addo acies torrens virgo atrox supellex adnuo.', 2, '2023-12-03 10:27:57', '2023-12-03 10:27:57', 25, 9),
(77, 'Despecto cursim caelestis vallum bos defendo cruciamentum bardus.', 2, '2023-12-03 10:27:57', '2023-12-03 10:27:57', 28, 1),
(78, 'Suffoco similique crastinus ocer iste ratione. Cotidie suggero confido ubi ait calculus.', 1, '2023-12-03 10:27:57', '2023-12-03 10:27:57', 16, 6),
(79, 'Derideo laboriosam qui. Voluptas capillus concedo. Adfero artificiose comis.', 2, '2023-12-03 10:27:57', '2023-12-03 10:27:57', 2, 1),
(80, 'Deficio numquam ullus tres ceno. Antea delectus urbanus incidunt.', 5, '2023-12-03 10:27:58', '2023-12-03 10:27:58', 45, 9),
(81, 'Deprimo cometes alter voluptatibus absorbeo crastinus audentia. Adsuesco succurro tondeo. Terror tepidus adsuesco cena unde cognomen stabilis tantum truculenter tristis.', 5, '2023-12-03 10:27:58', '2023-12-03 10:27:58', 13, 8),
(82, 'Doloribus torqueo acerbitas utrum coniecto cursus voco clibanus tersus ad.', 1, '2023-12-03 10:27:58', '2023-12-03 10:27:58', 21, 6),
(83, 'Adsidue corona undique. Utpote bonus tametsi cresco amissio velut vulgus eius vobis. Ait adopto suasoria adversus pauci thesaurus.', 5, '2023-12-03 10:27:58', '2023-12-03 10:27:58', 40, 4),
(84, 'Degusto consuasor quos considero suus. Adfero dolore venio dapifer nemo clarus convoco cimentarius.', 2, '2023-12-03 10:27:58', '2023-12-03 10:27:58', 15, 9),
(85, 'Audio nulla ulciscor cedo tricesimus tres. Volup decerno bellicus ultra bis vehemens curiositas.', 5, '2023-12-03 10:27:59', '2023-12-03 10:27:59', 5, 7),
(86, 'Illo asperiores teneo.', 3, '2023-12-03 10:27:59', '2023-12-03 10:27:59', 30, 7),
(87, 'Cotidie adipiscor titulus tardus delectus ubi suppono. Cerno ventus socius crapula sufficio. Defungo depulso contigo asperiores.', 4, '2023-12-03 10:27:59', '2023-12-03 10:27:59', 14, 3),
(88, 'Strenuus acceptus virga tempus amiculum copia volup.', 5, '2023-12-03 10:27:59', '2023-12-03 10:27:59', 6, 2),
(89, 'Ager compello thalassinus demergo pecto vilicus ambulo deprimo verus sulum. Certus clementia cubicularis.', 5, '2023-12-03 10:28:00', '2023-12-03 10:28:00', 36, 6),
(90, 'Admiratio denuncio contabesco canis cariosus calco curo. Pax vulnus vulnus.', 4, '2023-12-03 10:28:01', '2023-12-03 10:28:01', 26, 3),
(91, 'Reiciendis aegrotatio considero victus corona amiculum certus decens vallum derideo. Alienus vita vigilo color vivo carbo verto vapulus calculus synagoga. Sunt sint comes tam volup.', 5, '2023-12-03 10:28:01', '2023-12-03 10:28:01', 32, 6),
(92, 'Accedo tolero apostolus vester necessitatibus. Calculus copiose comptus defungo atque pauci repudiandae sonitus certus.', 5, '2023-12-03 10:28:02', '2023-12-03 10:28:02', 32, 6),
(93, 'Terga tristis vinco adulescens vilitas.', 5, '2023-12-03 10:28:02', '2023-12-03 10:28:02', 23, 4),
(94, 'Aegrus catena torrens error baiulus. Caveo ullam odio saepe patria. Approbo tenax ater.', 3, '2023-12-03 10:28:02', '2023-12-03 10:28:02', 50, 4),
(95, 'Tamen suasoria soluta calculus speculum sub cresco desparatus. Caries coniecto nihil deporto aspernatur titulus sordeo cupio quisquam adversus. Curiositas vitium earum acidus deludo calamitas truculenter carbo similique molestias.', 5, '2023-12-03 10:28:02', '2023-12-03 10:28:02', 10, 7),
(109, 'Hello ', 2, '2023-12-08 03:55:55', '2023-12-08 03:55:55', 1, 1);

-- --------------------------------------------------------

--
-- Table structure for table `Roles`
--

CREATE TABLE `Roles` (
  `id` int(11) NOT NULL,
  `role_name` varchar(100) NOT NULL
) ENGINE=InnoDB DEFAULT CHARSET=utf8mb4 COLLATE=utf8mb4_unicode_ci;

--
-- Dumping data for table `Roles`
--

INSERT INTO `Roles` (`id`, `role_name`) VALUES
(2, 'ADMIN'),
(1, 'CLIENT');

-- --------------------------------------------------------

--
-- Table structure for table `UserRoles`
--

CREATE TABLE `UserRoles` (
  `id` int(11) NOT NULL,
  `role_id` int(11) DEFAULT NULL,
  `user_id` int(11) DEFAULT NULL
) ENGINE=InnoDB DEFAULT CHARSET=utf8mb4 COLLATE=utf8mb4_unicode_ci;

--
-- Dumping data for table `UserRoles`
--

INSERT INTO `UserRoles` (`id`, `role_id`, `user_id`) VALUES
(1, 1, 1),
(3, 1, 3),
(4, 1, 4),
(5, 1, 5),
(6, 1, 6),
(7, 1, 7),
(8, 1, 8),
(9, 1, 9),
(10, 1, 10),
(2, 2, 2);

-- --------------------------------------------------------

--
-- Table structure for table `Users`
--

CREATE TABLE `Users` (
  `id` int(11) NOT NULL,
  `username` varchar(100) NOT NULL,
  `password` varchar(100) NOT NULL
) ENGINE=InnoDB DEFAULT CHARSET=utf8mb4 COLLATE=utf8mb4_unicode_ci;

--
-- Dumping data for table `Users`
--

INSERT INTO `Users` (`id`, `username`, `password`) VALUES
(1, 'robocon321', '0123456789'),
(2, 'root', '0123456789'),
(3, 'tata209', '0123456789'),
(4, 'nizo331', '0123456789'),
(5, 'johnhit379', '0123456789'),
(6, 'superstar228', '0123456789'),
(7, 'olala071', '0123456789'),
(8, 'messicoz121', '0123456789'),
(9, 'crazyhoz001', '0123456789'),
(10, 'mockatow01', '0123456789');

-- --------------------------------------------------------

--
-- Table structure for table `Wishlists`
--

CREATE TABLE `Wishlists` (
  `id` int(11) NOT NULL,
  `user_id` int(11) NOT NULL,
  `product_id` int(11) NOT NULL,
  `createdAt` datetime NOT NULL
) ENGINE=InnoDB DEFAULT CHARSET=utf8mb4 COLLATE=utf8mb4_unicode_ci;

--
-- Dumping data for table `Wishlists`
--

INSERT INTO `Wishlists` (`id`, `user_id`, `product_id`, `createdAt`) VALUES
(1, 7, 21, '2023-12-08 05:25:41'),
(2, 8, 18, '2023-12-08 05:25:45'),
(3, 7, 16, '2023-12-08 05:25:46'),
(4, 7, 12, '2023-12-08 05:25:47'),
(5, 8, 30, '2023-12-08 05:25:47'),
(6, 7, 28, '2023-12-08 05:25:48'),
(7, 6, 36, '2023-12-08 05:25:49'),
(9, 10, 19, '2023-12-08 05:25:50'),
(10, 4, 35, '2023-12-08 05:25:50'),
(11, 6, 47, '2023-12-08 05:25:50'),
(12, 2, 8, '2023-12-08 05:25:50'),
(13, 5, 30, '2023-12-08 05:25:51'),
(14, 7, 24, '2023-12-08 05:25:51'),
(15, 8, 49, '2023-12-08 05:25:51'),
(16, 5, 36, '2023-12-08 05:25:51'),
(17, 4, 33, '2023-12-08 05:25:51'),
(18, 3, 27, '2023-12-08 05:25:52'),
(19, 6, 1, '2023-12-08 05:25:52'),
(20, 4, 44, '2023-12-08 05:25:52'),
(21, 3, 11, '2023-12-08 05:25:53'),
(22, 9, 19, '2023-12-08 05:25:53'),
(23, 7, 44, '2023-12-08 05:25:53'),
(24, 7, 43, '2023-12-08 05:25:53'),
(25, 5, 15, '2023-12-08 05:25:53'),
(26, 8, 25, '2023-12-08 05:25:53'),
(27, 6, 48, '2023-12-08 05:25:53'),
(28, 9, 14, '2023-12-08 05:25:53'),
(29, 5, 10, '2023-12-08 05:25:54'),
(30, 10, 36, '2023-12-08 05:25:54'),
(31, 10, 27, '2023-12-08 05:25:54'),
(33, 6, 37, '2023-12-08 05:25:55'),
(34, 2, 24, '2023-12-08 05:25:55'),
(35, 5, 27, '2023-12-08 05:25:55'),
(36, 1, 26, '2023-12-08 05:25:55'),
(37, 10, 42, '2023-12-08 05:25:55'),
(38, 10, 2, '2023-12-08 05:25:55'),
(40, 8, 39, '2023-12-08 05:25:56'),
(41, 6, 18, '2023-12-08 05:25:56'),
(42, 4, 51, '2023-12-08 05:25:56'),
(43, 9, 24, '2023-12-08 05:25:56'),
(44, 5, 20, '2023-12-08 05:25:57'),
(45, 7, 13, '2023-12-08 05:25:57'),
(46, 6, 16, '2023-12-08 05:25:57'),
(48, 8, 14, '2023-12-08 05:25:57'),
(49, 10, 12, '2023-12-08 05:25:57'),
(50, 10, 30, '2023-12-08 05:25:58'),
(51, 2, 41, '2023-12-08 05:25:58'),
(52, 3, 14, '2023-12-08 05:25:58'),
(53, 9, 12, '2023-12-08 05:25:58'),
(54, 5, 33, '2023-12-08 05:25:58'),
(55, 1, 13, '2023-12-08 05:25:59'),
(56, 2, 43, '2023-12-08 05:25:59'),
(57, 9, 50, '2023-12-08 05:25:59'),
(58, 1, 30, '2023-12-08 05:25:59'),
(59, 4, 29, '2023-12-08 05:25:59'),
(60, 5, 4, '2023-12-08 05:26:00'),
(61, 3, 33, '2023-12-08 05:26:00'),
(63, 8, 17, '2023-12-08 05:26:00'),
(64, 8, 21, '2023-12-08 05:26:00'),
(65, 5, 9, '2023-12-08 05:26:00'),
(66, 7, 34, '2023-12-08 05:26:01'),
(67, 7, 47, '2023-12-08 05:26:01'),
(68, 9, 40, '2023-12-08 05:26:01'),
(69, 8, 19, '2023-12-08 05:26:01'),
(70, 10, 3, '2023-12-08 05:26:01'),
(71, 7, 20, '2023-12-08 05:26:02'),
(73, 7, 48, '2023-12-08 05:26:02'),
(74, 8, 16, '2023-12-08 05:26:02'),
(75, 10, 11, '2023-12-08 05:26:02'),
(76, 4, 36, '2023-12-08 05:26:03'),
(77, 7, 5, '2023-12-08 05:26:03'),
(79, 5, 7, '2023-12-08 05:26:03'),
(80, 3, 47, '2023-12-08 05:26:03'),
(81, 6, 28, '2023-12-08 05:26:03'),
(82, 7, 18, '2023-12-08 05:26:04'),
(83, 7, 36, '2023-12-08 05:26:04'),
(84, 2, 23, '2023-12-08 05:26:04'),
(86, 9, 5, '2023-12-08 05:26:04'),
(87, 4, 17, '2023-12-08 05:26:05'),
(88, 10, 41, '2023-12-08 05:26:05'),
(89, 5, 32, '2023-12-08 05:26:05'),
(90, 5, 46, '2023-12-08 05:26:05'),
(92, 3, 8, '2023-12-08 05:26:05'),
(93, 8, 22, '2023-12-08 05:26:06'),
(95, 7, 4, '2023-12-08 05:26:09'),
(96, 3, 36, '2023-12-08 05:26:13'),
(97, 6, 7, '2023-12-08 05:26:14'),
(98, 10, 28, '2023-12-08 05:26:14'),
(101, 10, 14, '2023-12-08 05:26:15'),
(114, 1, 3, '2023-12-08 10:34:48'),
(121, 1, 31, '2023-12-09 04:24:26');

--
-- Indexes for dumped tables
--

--
-- Indexes for table `BlogCategories`
--
ALTER TABLE `BlogCategories`
  ADD PRIMARY KEY (`category_id`,`blog_id`),
  ADD KEY `blog_id` (`blog_id`);

--
-- Indexes for table `Blogs`
--
ALTER TABLE `Blogs`
  ADD PRIMARY KEY (`id`),
  ADD KEY `user_id` (`user_id`);

--
-- Indexes for table `Carts`
--
ALTER TABLE `Carts`
  ADD PRIMARY KEY (`id`),
  ADD UNIQUE KEY `Carts_product_id_user_id_unique` (`user_id`,`product_id`),
  ADD KEY `product_id` (`product_id`);

--
-- Indexes for table `Categories`
--
ALTER TABLE `Categories`
  ADD PRIMARY KEY (`id`),
  ADD UNIQUE KEY `name` (`name`);

--
-- Indexes for table `Codes`
--
ALTER TABLE `Codes`
  ADD PRIMARY KEY (`id`);

--
-- Indexes for table `OrderDetails`
--
ALTER TABLE `OrderDetails`
  ADD PRIMARY KEY (`id`),
  ADD KEY `order_id` (`order_id`),
  ADD KEY `product_id` (`product_id`);

--
-- Indexes for table `Orders`
--
ALTER TABLE `Orders`
  ADD PRIMARY KEY (`id`),
  ADD KEY `user_id` (`user_id`) USING BTREE;

--
-- Indexes for table `ProductCategories`
--
ALTER TABLE `ProductCategories`
  ADD PRIMARY KEY (`product_id`,`category_id`),
  ADD KEY `ProductCategories_ibfk_1` (`category_id`);

--
-- Indexes for table `Products`
--
ALTER TABLE `Products`
  ADD PRIMARY KEY (`id`),
  ADD KEY `user_id` (`user_id`);

--
-- Indexes for table `ReviewBlogs`
--
ALTER TABLE `ReviewBlogs`
  ADD PRIMARY KEY (`id`),
  ADD KEY `blog_id` (`blog_id`),
  ADD KEY `user_id` (`user_id`);

--
-- Indexes for table `ReviewProducts`
--
ALTER TABLE `ReviewProducts`
  ADD PRIMARY KEY (`id`),
  ADD KEY `product_id` (`product_id`),
  ADD KEY `user_id` (`user_id`);

--
-- Indexes for table `Roles`
--
ALTER TABLE `Roles`
  ADD PRIMARY KEY (`id`),
  ADD UNIQUE KEY `role_name` (`role_name`);

--
-- Indexes for table `UserRoles`
--
ALTER TABLE `UserRoles`
  ADD PRIMARY KEY (`id`),
  ADD UNIQUE KEY `UserRoles_user_id_role_id_unique` (`role_id`,`user_id`),
  ADD KEY `UserRoles_ibfk_2` (`user_id`);

--
-- Indexes for table `Users`
--
ALTER TABLE `Users`
  ADD PRIMARY KEY (`id`),
  ADD UNIQUE KEY `username` (`username`);

--
-- Indexes for table `Wishlists`
--
ALTER TABLE `Wishlists`
  ADD PRIMARY KEY (`id`),
  ADD UNIQUE KEY `Wishlists_product_id_user_id_unique` (`user_id`,`product_id`),
  ADD KEY `product_id` (`product_id`);

--
-- AUTO_INCREMENT for dumped tables
--

--
-- AUTO_INCREMENT for table `Blogs`
--
ALTER TABLE `Blogs`
  MODIFY `id` int(11) NOT NULL AUTO_INCREMENT, AUTO_INCREMENT=67;

--
-- AUTO_INCREMENT for table `Carts`
--
ALTER TABLE `Carts`
  MODIFY `id` int(11) NOT NULL AUTO_INCREMENT, AUTO_INCREMENT=136;

--
-- AUTO_INCREMENT for table `Categories`
--
ALTER TABLE `Categories`
  MODIFY `id` int(11) NOT NULL AUTO_INCREMENT, AUTO_INCREMENT=18;

--
-- AUTO_INCREMENT for table `Codes`
--
ALTER TABLE `Codes`
  MODIFY `id` int(11) NOT NULL AUTO_INCREMENT, AUTO_INCREMENT=6;

--
-- AUTO_INCREMENT for table `OrderDetails`
--
ALTER TABLE `OrderDetails`
  MODIFY `id` int(11) NOT NULL AUTO_INCREMENT, AUTO_INCREMENT=6;

--
-- AUTO_INCREMENT for table `Orders`
--
ALTER TABLE `Orders`
  MODIFY `id` int(11) NOT NULL AUTO_INCREMENT, AUTO_INCREMENT=7;

--
-- AUTO_INCREMENT for table `Products`
--
ALTER TABLE `Products`
  MODIFY `id` int(11) NOT NULL AUTO_INCREMENT, AUTO_INCREMENT=52;

--
-- AUTO_INCREMENT for table `ReviewBlogs`
--
ALTER TABLE `ReviewBlogs`
  MODIFY `id` int(11) NOT NULL AUTO_INCREMENT, AUTO_INCREMENT=110;

--
-- AUTO_INCREMENT for table `ReviewProducts`
--
ALTER TABLE `ReviewProducts`
  MODIFY `id` int(11) NOT NULL AUTO_INCREMENT, AUTO_INCREMENT=110;

--
-- AUTO_INCREMENT for table `Roles`
--
ALTER TABLE `Roles`
  MODIFY `id` int(11) NOT NULL AUTO_INCREMENT, AUTO_INCREMENT=8;

--
-- AUTO_INCREMENT for table `UserRoles`
--
ALTER TABLE `UserRoles`
  MODIFY `id` int(11) NOT NULL AUTO_INCREMENT, AUTO_INCREMENT=11;

--
-- AUTO_INCREMENT for table `Users`
--
ALTER TABLE `Users`
  MODIFY `id` int(11) NOT NULL AUTO_INCREMENT, AUTO_INCREMENT=20;

--
-- AUTO_INCREMENT for table `Wishlists`
--
ALTER TABLE `Wishlists`
  MODIFY `id` int(11) NOT NULL AUTO_INCREMENT, AUTO_INCREMENT=127;

--
-- Constraints for dumped tables
--

--
-- Constraints for table `BlogCategories`
--
ALTER TABLE `BlogCategories`
  ADD CONSTRAINT `BlogCategories_ibfk_1` FOREIGN KEY (`category_id`) REFERENCES `Blogs` (`id`) ON DELETE CASCADE ON UPDATE CASCADE,
  ADD CONSTRAINT `BlogCategories_ibfk_2` FOREIGN KEY (`blog_id`) REFERENCES `Categories` (`id`) ON DELETE CASCADE ON UPDATE CASCADE;

--
-- Constraints for table `Blogs`
--
ALTER TABLE `Blogs`
  ADD CONSTRAINT `Blogs_ibfk_1` FOREIGN KEY (`user_id`) REFERENCES `Users` (`id`) ON DELETE SET NULL ON UPDATE CASCADE;

--
-- Constraints for table `Carts`
--
ALTER TABLE `Carts`
  ADD CONSTRAINT `Carts_ibfk_1` FOREIGN KEY (`user_id`) REFERENCES `Users` (`id`) ON DELETE CASCADE ON UPDATE CASCADE,
  ADD CONSTRAINT `Carts_ibfk_2` FOREIGN KEY (`product_id`) REFERENCES `Products` (`id`) ON DELETE CASCADE ON UPDATE CASCADE;

--
-- Constraints for table `OrderDetails`
--
ALTER TABLE `OrderDetails`
  ADD CONSTRAINT `OrderDetails_ibfk_1` FOREIGN KEY (`order_id`) REFERENCES `Orders` (`id`) ON DELETE CASCADE ON UPDATE CASCADE,
  ADD CONSTRAINT `OrderDetails_ibfk_2` FOREIGN KEY (`product_id`) REFERENCES `Products` (`id`) ON DELETE CASCADE ON UPDATE CASCADE;

--
-- Constraints for table `ProductCategories`
--
ALTER TABLE `ProductCategories`
  ADD CONSTRAINT `ProductCategories_ibfk_1` FOREIGN KEY (`category_id`) REFERENCES `Categories` (`id`) ON DELETE CASCADE ON UPDATE CASCADE;

--
-- Constraints for table `Products`
--
ALTER TABLE `Products`
  ADD CONSTRAINT `Products_ibfk_1` FOREIGN KEY (`user_id`) REFERENCES `Users` (`id`) ON DELETE SET NULL ON UPDATE CASCADE;

--
-- Constraints for table `ReviewBlogs`
--
ALTER TABLE `ReviewBlogs`
  ADD CONSTRAINT `ReviewBlogs_ibfk_1` FOREIGN KEY (`blog_id`) REFERENCES `Blogs` (`id`) ON DELETE SET NULL ON UPDATE CASCADE,
  ADD CONSTRAINT `ReviewBlogs_ibfk_2` FOREIGN KEY (`user_id`) REFERENCES `Users` (`id`) ON DELETE SET NULL ON UPDATE CASCADE;

--
-- Constraints for table `ReviewProducts`
--
ALTER TABLE `ReviewProducts`
  ADD CONSTRAINT `ReviewProducts_ibfk_1` FOREIGN KEY (`product_id`) REFERENCES `Products` (`id`) ON DELETE SET NULL ON UPDATE CASCADE,
  ADD CONSTRAINT `ReviewProducts_ibfk_2` FOREIGN KEY (`user_id`) REFERENCES `Users` (`id`) ON DELETE SET NULL ON UPDATE CASCADE;

--
-- Constraints for table `UserRoles`
--
ALTER TABLE `UserRoles`
  ADD CONSTRAINT `UserRoles_ibfk_2` FOREIGN KEY (`user_id`) REFERENCES `Users` (`id`) ON DELETE CASCADE ON UPDATE CASCADE;

--
-- Constraints for table `Wishlists`
--
ALTER TABLE `Wishlists`
  ADD CONSTRAINT `Wishlists_ibfk_1` FOREIGN KEY (`user_id`) REFERENCES `Users` (`id`) ON DELETE CASCADE ON UPDATE CASCADE,
  ADD CONSTRAINT `Wishlists_ibfk_2` FOREIGN KEY (`product_id`) REFERENCES `Products` (`id`) ON DELETE CASCADE ON UPDATE CASCADE;
COMMIT;

/*!40101 SET CHARACTER_SET_CLIENT=@OLD_CHARACTER_SET_CLIENT */;
/*!40101 SET CHARACTER_SET_RESULTS=@OLD_CHARACTER_SET_RESULTS */;
/*!40101 SET COLLATION_CONNECTION=@OLD_COLLATION_CONNECTION */;
